14
14
15
13
13
13
13
16
16
16
18
18
23
4
4
4
4
16
16
16
17
17
18
3
3
3
14
14
19
13
13
13
22
22
23
21
21
21
21
24
24
24
26
26
31
8
8
8
8
24
24
24
25
25
26
7
7
7
22
22
27
21
21
21
30
30
31
29
29
29
29
32
32
32
34
34
735
12
12
12
12
32
32
32
33
33
34
11
11
11
30
30
35
2
2
2
5
5
18
1
1
4
1
1
20
2
2
2
2
3
3
3
19
19
23
3
3
3
3
14
14
14
18
18
40
2
2
2
2
3
3
3
13
13
17
4
4
16
1
1
1
4
4
15
6
6
6
9
9
26
5
5
5
8
8
13
2
2
2
2
5
5
5
16
16
28
6
6
6
6
7
7
7
27
27
31
7
7
7
7
22
22
22
26
26
44
6
6
6
6
7
7
7
21
21
25
8
8
24
5
5
5
8
8
23
10
10
10
34
34
721
9
9
9
12
12
21
6
6
6
6
9
9
9
24
24
36
10
10
10
10
11
11
11
35
35
71
11
11
11
11
30
30
30
34
34
48
10
10
10
10
11
11
11
29
29
33
12
12
32
9
9
9
12
12
31
50
50
51
49
49
49
49
52
52
52
54
54
59
40
40
40
40
52
52
52
53
53
54
17
17
17
17
39
39
39
50
50
55
2
2
2
2
49
49
49
58
58
59
57
57
57
57
60
60
60
62
62
67
44
44
44
44
60
60
60
61
61
62
25
25
25
25
43
43
43
58
58
63
6
6
6
6
57
57
57
66
66
67
65
65
65
65
68
68
68
70
70
771
48
48
48
48
68
68
68
69
69
70
33
33
33
33
47
47
47
66
66
71
18
18
18
18
38
38
38
41
41
54
17
17
17
37
37
40
37
37
56
38
38
38
38
39
39
39
55
55
59
39
39
39
39
50
50
50
54
54
76
38
38
38
38
39
39
39
49
49
53
3
3
3
3
16
16
16
40
40
52
15
15
15
15
37
37
37
40
40
51
26
26
26
26
42
42
42
45
45
62
25
25
25
25
41
41
41
44
44
49
38
38
38
38
41
41
41
52
52
64
42
42
42
42
43
43
43
63
63
67
43
43
43
43
58
58
58
62
62
80
42
42
42
42
43
43
43
57
57
61
7
7
7
7
24
24
24
44
44
60
23
23
23
23
41
41
41
44
44
59
34
34
34
34
46
46
46
70
70
757
33
33
33
33
45
45
45
48
48
57
42
42
42
42
45
45
45
60
60
72
46
46
46
46
47
47
47
71
71
107
47
47
47
47
66
66
66
70
70
84
46
46
46
46
47
47
47
65
65
69
11
11
11
11
32
32
32
48
48
68
31
31
31
31
45
45
45
48
48
67
86
86
87
85
85
85
85
88
88
88
90
90
95
76
76
76
76
88
88
88
89
89
90
53
53
53
53
75
75
75
86
86
91
38
38
38
38
85
85
85
94
94
95
93
93
93
93
96
96
96
98
98
103
80
80
80
80
96
96
96
97
97
98
61
61
61
61
79
79
79
94
94
99
42
42
42
42
93
93
93
102
102
103
101
101
101
101
104
104
104
106
106
807
84
84
84
84
104
104
104
105
105
106
69
69
69
69
83
83
83
102
102
107
54
54
54
54
74
74
74
77
77
90
53
53
53
73
73
76
73
73
92
74
74
74
74
75
75
75
91
91
95
75
75
75
75
86
86
86
90
90
112
74
74
74
74
75
75
75
85
85
89
39
39
39
39
52
52
52
76
76
88
51
51
51
51
73
73
73
76
76
87
62
62
62
62
78
78
78
81
81
98
61
61
61
61
77
77
77
80
80
85
74
74
74
74
77
77
77
88
88
100
78
78
78
78
79
79
79
99
99
103
79
79
79
79
94
94
94
98
98
116
78
78
78
78
79
79
79
93
93
97
43
43
43
43
60
60
60
80
80
96
59
59
59
59
77
77
77
80
80
95
70
70
70
70
82
82
82
106
106
793
69
69
69
69
81
81
81
84
84
93
78
78
78
78
81
81
81
96
96
108
82
82
82
82
83
83
83
107
107
143
83
83
83
83
102
102
102
106
106
120
82
82
82
82
83
83
83
101
101
105
47
47
47
47
68
68
68
84
84
104
67
67
67
67
81
81
81
84
84
103
122
122
123
121
121
121
121
124
124
124
126
126
131
112
112
112
112
124
124
124
125
125
126
89
89
89
89
111
111
111
122
122
127
74
74
74
74
121
121
121
130
130
131
129
129
129
129
132
132
132
134
134
139
116
116
116
116
132
132
132
133
133
134
97
97
97
97
115
115
115
130
130
135
78
78
78
78
129
129
129
138
138
139
137
137
137
137
140
140
140
142
142
843
120
120
120
120
140
140
140
141
141
142
105
105
105
105
119
119
119
138
138
143
90
90
90
90
110
110
110
113
113
126
89
89
89
109
109
112
109
109
128
110
110
110
110
111
111
111
127
127
131
111
111
111
111
122
122
122
126
126
148
110
110
110
110
111
111
111
121
121
125
75
75
75
75
88
88
88
112
112
124
87
87
87
87
109
109
109
112
112
123
98
98
98
98
114
114
114
117
117
134
97
97
97
97
113
113
113
116
116
121
110
110
110
110
113
113
113
124
124
136
114
114
114
114
115
115
115
135
135
139
115
115
115
115
130
130
130
134
134
152
114
114
114
114
115
115
115
129
129
133
79
79
79
79
96
96
96
116
116
132
95
95
95
95
113
113
113
116
116
131
106
106
106
106
118
118
118
142
142
829
105
105
105
105
117
117
117
120
120
129
114
114
114
114
117
117
117
132
132
144
118
118
118
118
119
119
119
143
143
179
119
119
119
119
138
138
138
142
142
156
118
118
118
118
119
119
119
137
137
141
83
83
83
83
104
104
104
120
120
140
103
103
103
103
117
117
117
120
120
139
158
158
159
157
157
157
157
160
160
160
162
162
167
148
148
148
148
160
160
160
161
161
162
125
125
125
125
147
147
147
158
158
163
110
110
110
110
157
157
157
166
166
167
165
165
165
165
168
168
168
170
170
175
152
152
152
152
168
168
168
169
169
170
133
133
133
133
151
151
151
166
166
171
114
114
114
114
165
165
165
174
174
175
173
173
173
173
176
176
176
178
178
879
156
156
156
156
176
176
176
177
177
178
141
141
141
141
155
155
155
174
174
179
126
126
126
126
146
146
146
149
149
162
125
125
125
145
145
148
145
145
164
146
146
146
146
147
147
147
163
163
167
147
147
147
147
158
158
158
162
162
184
146
146
146
146
147
147
147
157
157
161
111
111
111
111
124
124
124
148
148
160
123
123
123
123
145
145
145
148
148
159
134
134
134
134
150
150
150
153
153
170
133
133
133
133
149
149
149
152
152
157
146
146
146
146
149
149
149
160
160
172
150
150
150
150
151
151
151
171
171
175
151
151
151
151
166
166
166
170
170
188
150
150
150
150
151
151
151
165
165
169
115
115
115
115
132
132
132
152
152
168
131
131
131
131
149
149
149
152
152
167
142
142
142
142
154
154
154
178
178
865
141
141
141
141
153
153
153
156
156
165
150
150
150
150
153
153
153
168
168
180
154
154
154
154
155
155
155
179
179
215
155
155
155
155
174
174
174
178
178
192
154
154
154
154
155
155
155
173
173
177
119
119
119
119
140
140
140
156
156
176
139
139
139
139
153
153
153
156
156
175
194
194
195
193
193
193
193
196
196
196
198
198
203
184
184
184
184
196
196
196
197
197
198
161
161
161
161
183
183
183
194
194
199
146
146
146
146
193
193
193
202
202
203
201
201
201
201
204
204
204
206
206
211
188
188
188
188
204
204
204
205
205
206
169
169
169
169
187
187
187
202
202
207
150
150
150
150
201
201
201
210
210
211
209
209
209
209
212
212
212
214
214
915
192
192
192
192
212
212
212
213
213
214
177
177
177
177
191
191
191
210
210
215
162
162
162
162
182
182
182
185
185
198
161
161
161
181
181
184
181
181
200
182
182
182
182
183
183
183
199
199
203
183
183
183
183
194
194
194
198
198
220
182
182
182
182
183
183
183
193
193
197
147
147
147
147
160
160
160
184
184
196
159
159
159
159
181
181
181
184
184
195
170
170
170
170
186
186
186
189
189
206
169
169
169
169
185
185
185
188
188
193
182
182
182
182
185
185
185
196
196
208
186
186
186
186
187
187
187
207
207
211
187
187
187
187
202
202
202
206
206
224
186
186
186
186
187
187
187
201
201
205
151
151
151
151
168
168
168
188
188
204
167
167
167
167
185
185
185
188
188
203
178
178
178
178
190
190
190
214
214
901
177
177
177
177
189
189
189
192
192
201
186
186
186
186
189
189
189
204
204
216
190
190
190
190
191
191
191
215
215
251
191
191
191
191
210
210
210
214
214
228
190
190
190
190
191
191
191
209
209
213
155
155
155
155
176
176
176
192
192
212
175
175
175
175
189
189
189
192
192
211
230
230
231
229
229
229
229
232
232
232
234
234
239
220
220
220
220
232
232
232
233
233
234
197
197
197
197
219
219
219
230
230
235
182
182
182
182
229
229
229
238
238
239
237
237
237
237
240
240
240
242
242
247
224
224
224
224
240
240
240
241
241
242
205
205
205
205
223
223
223
238
238
243
186
186
186
186
237
237
237
246
246
247
245
245
245
245
248
248
248
250
250
951
228
228
228
228
248
248
248
249
249
250
213
213
213
213
227
227
227
246
246
251
198
198
198
198
218
218
218
221
221
234
197
197
197
217
217
220
217
217
236
218
218
218
218
219
219
219
235
235
239
219
219
219
219
230
230
230
234
234
256
218
218
218
218
219
219
219
229
229
233
183
183
183
183
196
196
196
220
220
232
195
195
195
195
217
217
217
220
220
231
206
206
206
206
222
222
222
225
225
242
205
205
205
205
221
221
221
224
224
229
218
218
218
218
221
221
221
232
232
244
222
222
222
222
223
223
223
243
243
247
223
223
223
223
238
238
238
242
242
260
222
222
222
222
223
223
223
237
237
241
187
187
187
187
204
204
204
224
224
240
203
203
203
203
221
221
221
224
224
239
214
214
214
214
226
226
226
250
250
937
213
213
213
213
225
225
225
228
228
237
222
222
222
222
225
225
225
240
240
252
226
226
226
226
227
227
227
251
251
287
227
227
227
227
246
246
246
250
250
264
226
226
226
226
227
227
227
245
245
249
191
191
191
191
212
212
212
228
228
248
211
211
211
211
225
225
225
228
228
247
266
266
267
265
265
265
265
268
268
268
270
270
275
256
256
256
256
268
268
268
269
269
270
233
233
233
233
255
255
255
266
266
271
218
218
218
218
265
265
265
274
274
275
273
273
273
273
276
276
276
278
278
283
260
260
260
260
276
276
276
277
277
278
241
241
241
241
259
259
259
274
274
279
222
222
222
222
273
273
273
282
282
283
281
281
281
281
284
284
284
286
286
987
264
264
264
264
284
284
284
285
285
286
249
249
249
249
263
263
263
282
282
287
234
234
234
234
254
254
254
257
257
270
233
233
233
253
253
256
253
253
272
254
254
254
254
255
255
255
271
271
275
255
255
255
255
266
266
266
270
270
292
254
254
254
254
255
255
255
265
265
269
219
219
219
219
232
232
232
256
256
268
231
231
231
231
253
253
253
256
256
267
242
242
242
242
258
258
258
261
261
278
241
241
241
241
257
257
257
260
260
265
254
254
254
254
257
257
257
268
268
280
258
258
258
258
259
259
259
279
279
283
259
259
259
259
274
274
274
278
278
296
258
258
258
258
259
259
259
273
273
277
223
223
223
223
240
240
240
260
260
276
239
239
239
239
257
257
257
260
260
275
250
250
250
250
262
262
262
286
286
973
249
249
249
249
261
261
261
264
264
273
258
258
258
258
261
261
261
276
276
288
262
262
262
262
263
263
263
287
287
323
263
263
263
263
282
282
282
286
286
300
262
262
262
262
263
263
263
281
281
285
227
227
227
227
248
248
248
264
264
284
247
247
247
247
261
261
261
264
264
283
302
302
303
301
301
301
301
304
304
304
306
306
311
292
292
292
292
304
304
304
305
305
306
269
269
269
269
291
291
291
302
302
307
254
254
254
254
301
301
301
310
310
311
309
309
309
309
312
312
312
314
314
319
296
296
296
296
312
312
312
313
313
314
277
277
277
277
295
295
295
310
310
315
258
258
258
258
309
309
309
318
318
319
317
317
317
317
320
320
320
322
322
1023
300
300
300
300
320
320
320
321
321
322
285
285
285
285
299
299
299
318
318
323
270
270
270
270
290
290
290
293
293
306
269
269
269
289
289
292
289
289
308
290
290
290
290
291
291
291
307
307
311
291
291
291
291
302
302
302
306
306
328
290
290
290
290
291
291
291
301
301
305
255
255
255
255
268
268
268
292
292
304
267
267
267
267
289
289
289
292
292
303
278
278
278
278
294
294
294
297
297
314
277
277
277
277
293
293
293
296
296
301
290
290
290
290
293
293
293
304
304
316
294
294
294
294
295
295
295
315
315
319
295
295
295
295
310
310
310
314
314
332
294
294
294
294
295
295
295
309
309
313
259
259
259
259
276
276
276
296
296
312
275
275
275
275
293
293
293
296
296
311
286
286
286
286
298
298
298
322
322
1009
285
285
285
285
297
297
297
300
300
309
294
294
294
294
297
297
297
312
312
324
298
298
298
298
299
299
299
323
323
359
299
299
299
299
318
318
318
322
322
336
298
298
298
298
299
299
299
317
317
321
263
263
263
263
284
284
284
300
300
320
283
283
283
283
297
297
297
300
300
319
338
338
339
337
337
337
337
340
340
340
342
342
347
328
328
328
328
340
340
340
341
341
342
305
305
305
305
327
327
327
338
338
343
290
290
290
290
337
337
337
346
346
347
345
345
345
345
348
348
348
350
350
355
332
332
332
332
348
348
348
349
349
350
313
313
313
313
331
331
331
346
346
351
294
294
294
294
345
345
345
354
354
355
353
353
353
353
356
356
356
358
358
1059
336
336
336
336
356
356
356
357
357
358
321
321
321
321
335
335
335
354
354
359
306
306
306
306
326
326
326
329
329
342
305
305
305
325
325
328
325
325
344
326
326
326
326
327
327
327
343
343
347
327
327
327
327
338
338
338
342
342
364
326
326
326
326
327
327
327
337
337
341
291
291
291
291
304
304
304
328
328
340
303
303
303
303
325
325
325
328
328
339
314
314
314
314
330
330
330
333
333
350
313
313
313
313
329
329
329
332
332
337
326
326
326
326
329
329
329
340
340
352
330
330
330
330
331
331
331
351
351
355
331
331
331
331
346
346
346
350
350
368
330
330
330
330
331
331
331
345
345
349
295
295
295
295
312
312
312
332
332
348
311
311
311
311
329
329
329
332
332
347
322
322
322
322
334
334
334
358
358
1045
321
321
321
321
333
333
333
336
336
345
330
330
330
330
333
333
333
348
348
360
334
334
334
334
335
335
335
359
359
395
335
335
335
335
354
354
354
358
358
372
334
334
334
334
335
335
335
353
353
357
299
299
299
299
320
320
320
336
336
356
319
319
319
319
333
333
333
336
336
355
374
374
375
373
373
373
373
376
376
376
378
378
383
364
364
364
364
376
376
376
377
377
378
341
341
341
341
363
363
363
374
374
379
326
326
326
326
373
373
373
382
382
383
381
381
381
381
384
384
384
386
386
391
368
368
368
368
384
384
384
385
385
386
349
349
349
349
367
367
367
382
382
387
330
330
330
330
381
381
381
390
390
391
389
389
389
389
392
392
392
394
394
1095
372
372
372
372
392
392
392
393
393
394
357
357
357
357
371
371
371
390
390
395
342
342
342
342
362
362
362
365
365
378
341
341
341
361
361
364
361
361
380
362
362
362
362
363
363
363
379
379
383
363
363
363
363
374
374
374
378
378
400
362
362
362
362
363
363
363
373
373
377
327
327
327
327
340
340
340
364
364
376
339
339
339
339
361
361
361
364
364
375
350
350
350
350
366
366
366
369
369
386
349
349
349
349
365
365
365
368
368
373
362
362
362
362
365
365
365
376
376
388
366
366
366
366
367
367
367
387
387
391
367
367
367
367
382
382
382
386
386
404
366
366
366
366
367
367
367
381
381
385
331
331
331
331
348
348
348
368
368
384
347
347
347
347
365
365
365
368
368
383
358
358
358
358
370
370
370
394
394
1081
357
357
357
357
369
369
369
372
372
381
366
366
366
366
369
369
369
384
384
396
370
370
370
370
371
371
371
395
395
431
371
371
371
371
390
390
390
394
394
408
370
370
370
370
371
371
371
389
389
393
335
335
335
335
356
356
356
372
372
392
355
355
355
355
369
369
369
372
372
391
410
410
411
409
409
409
409
412
412
412
414
414
419
400
400
400
400
412
412
412
413
413
414
377
377
377
377
399
399
399
410
410
415
362
362
362
362
409
409
409
418
418
419
417
417
417
417
420
420
420
422
422
427
404
404
404
404
420
420
420
421
421
422
385
385
385
385
403
403
403
418
418
423
366
366
366
366
417
417
417
426
426
427
425
425
425
425
428
428
428
430
430
1131
408
408
408
408
428
428
428
429
429
430
393
393
393
393
407
407
407
426
426
431
378
378
378
378
398
398
398
401
401
414
377
377
377
397
397
400
397
397
416
398
398
398
398
399
399
399
415
415
419
399
399
399
399
410
410
410
414
414
436
398
398
398
398
399
399
399
409
409
413
363
363
363
363
376
376
376
400
400
412
375
375
375
375
397
397
397
400
400
411
386
386
386
386
402
402
402
405
405
422
385
385
385
385
401
401
401
404
404
409
398
398
398
398
401
401
401
412
412
424
402
402
402
402
403
403
403
423
423
427
403
403
403
403
418
418
418
422
422
440
402
402
402
402
403
403
403
417
417
421
367
367
367
367
384
384
384
404
404
420
383
383
383
383
401
401
401
404
404
419
394
394
394
394
406
406
406
430
430
1117
393
393
393
393
405
405
405
408
408
417
402
402
402
402
405
405
405
420
420
432
406
406
406
406
407
407
407
431
431
467
407
407
407
407
426
426
426
430
430
444
406
406
406
406
407
407
407
425
425
429
371
371
371
371
392
392
392
408
408
428
391
391
391
391
405
405
405
408
408
427
446
446
447
445
445
445
445
448
448
448
450
450
455
436
436
436
436
448
448
448
449
449
450
413
413
413
413
435
435
435
446
446
451
398
398
398
398
445
445
445
454
454
455
453
453
453
453
456
456
456
458
458
463
440
440
440
440
456
456
456
457
457
458
421
421
421
421
439
439
439
454
454
459
402
402
402
402
453
453
453
462
462
463
461
461
461
461
464
464
464
466
466
1167
444
444
444
444
464
464
464
465
465
466
429
429
429
429
443
443
443
462
462
467
414
414
414
414
434
434
434
437
437
450
413
413
413
433
433
436
433
433
452
434
434
434
434
435
435
435
451
451
455
435
435
435
435
446
446
446
450
450
472
434
434
434
434
435
435
435
445
445
449
399
399
399
399
412
412
412
436
436
448
411
411
411
411
433
433
433
436
436
447
422
422
422
422
438
438
438
441
441
458
421
421
421
421
437
437
437
440
440
445
434
434
434
434
437
437
437
448
448
460
438
438
438
438
439
439
439
459
459
463
439
439
439
439
454
454
454
458
458
476
438
438
438
438
439
439
439
453
453
457
403
403
403
403
420
420
420
440
440
456
419
419
419
419
437
437
437
440
440
455
430
430
430
430
442
442
442
466
466
1153
429
429
429
429
441
441
441
444
444
453
438
438
438
438
441
441
441
456
456
468
442
442
442
442
443
443
443
467
467
503
443
443
443
443
462
462
462
466
466
480
442
442
442
442
443
443
443
461
461
465
407
407
407
407
428
428
428
444
444
464
427
427
427
427
441
441
441
444
444
463
482
482
483
481
481
481
481
484
484
484
486
486
491
472
472
472
472
484
484
484
485
485
486
449
449
449
449
471
471
471
482
482
487
434
434
434
434
481
481
481
490
490
491
489
489
489
489
492
492
492
494
494
499
476
476
476
476
492
492
492
493
493
494
457
457
457
457
475
475
475
490
490
495
438
438
438
438
489
489
489
498
498
499
497
497
497
497
500
500
500
502
502
1203
480
480
480
480
500
500
500
501
501
502
465
465
465
465
479
479
479
498
498
503
450
450
450
450
470
470
470
473
473
486
449
449
449
469
469
472
469
469
488
470
470
470
470
471
471
471
487
487
491
471
471
471
471
482
482
482
486
486
508
470
470
470
470
471
471
471
481
481
485
435
435
435
435
448
448
448
472
472
484
447
447
447
447
469
469
469
472
472
483
458
458
458
458
474
474
474
477
477
494
457
457
457
457
473
473
473
476
476
481
470
470
470
470
473
473
473
484
484
496
474
474
474
474
475
475
475
495
495
499
475
475
475
475
490
490
490
494
494
512
474
474
474
474
475
475
475
489
489
493
439
439
439
439
456
456
456
476
476
492
455
455
455
455
473
473
473
476
476
491
466
466
466
466
478
478
478
502
502
1189
465
465
465
465
477
477
477
480
480
489
474
474
474
474
477
477
477
492
492
504
478
478
478
478
479
479
479
503
503
539
479
479
479
479
498
498
498
502
502
516
478
478
478
478
479
479
479
497
497
501
443
443
443
443
464
464
464
480
480
500
463
463
463
463
477
477
477
480
480
499
518
518
519
517
517
517
517
520
520
520
522
522
527
508
508
508
508
520
520
520
521
521
522
485
485
485
485
507
507
507
518
518
523
470
470
470
470
517
517
517
526
526
527
525
525
525
525
528
528
528
530
530
535
512
512
512
512
528
528
528
529
529
530
493
493
493
493
511
511
511
526
526
531
474
474
474
474
525
525
525
534
534
535
533
533
533
533
536
536
536
538
538
1239
516
516
516
516
536
536
536
537
537
538
501
501
501
501
515
515
515
534
534
539
486
486
486
486
506
506
506
509
509
522
485
485
485
505
505
508
505
505
524
506
506
506
506
507
507
507
523
523
527
507
507
507
507
518
518
518
522
522
544
506
506
506
506
507
507
507
517
517
521
471
471
471
471
484
484
484
508
508
520
483
483
483
483
505
505
505
508
508
519
494
494
494
494
510
510
510
513
513
530
493
493
493
493
509
509
509
512
512
517
506
506
506
506
509
509
509
520
520
532
510
510
510
510
511
511
511
531
531
535
511
511
511
511
526
526
526
530
530
548
510
510
510
510
511
511
511
525
525
529
475
475
475
475
492
492
492
512
512
528
491
491
491
491
509
509
509
512
512
527
502
502
502
502
514
514
514
538
538
1225
501
501
501
501
513
513
513
516
516
525
510
510
510
510
513
513
513
528
528
540
514
514
514
514
515
515
515
539
539
575
515
515
515
515
534
534
534
538
538
552
514
514
514
514
515
515
515
533
533
537
479
479
479
479
500
500
500
516
516
536
499
499
499
499
513
513
513
516
516
535
554
554
555
553
553
553
553
556
556
556
558
558
563
544
544
544
544
556
556
556
557
557
558
521
521
521
521
543
543
543
554
554
559
506
506
506
506
553
553
553
562
562
563
561
561
561
561
564
564
564
566
566
571
548
548
548
548
564
564
564
565
565
566
529
529
529
529
547
547
547
562
562
567
510
510
510
510
561
561
561
570
570
571
569
569
569
569
572
572
572
574
574
1275
552
552
552
552
572
572
572
573
573
574
537
537
537
537
551
551
551
570
570
575
522
522
522
522
542
542
542
545
545
558
521
521
521
541
541
544
541
541
560
542
542
542
542
543
543
543
559
559
563
543
543
543
543
554
554
554
558
558
580
542
542
542
542
543
543
543
553
553
557
507
507
507
507
520
520
520
544
544
556
519
519
519
519
541
541
541
544
544
555
530
530
530
530
546
546
546
549
549
566
529
529
529
529
545
545
545
548
548
553
542
542
542
542
545
545
545
556
556
568
546
546
546
546
547
547
547
567
567
571
547
547
547
547
562
562
562
566
566
584
546
546
546
546
547
547
547
561
561
565
511
511
511
511
528
528
528
548
548
564
527
527
527
527
545
545
545
548
548
563
538
538
538
538
550
550
550
574
574
1261
537
537
537
537
549
549
549
552
552
561
546
546
546
546
549
549
549
564
564
576
550
550
550
550
551
551
551
575
575
611
551
551
551
551
570
570
570
574
574
588
550
550
550
550
551
551
551
569
569
573
515
515
515
515
536
536
536
552
552
572
535
535
535
535
549
549
549
552
552
571
590
590
591
589
589
589
589
592
592
592
594
594
599
580
580
580
580
592
592
592
593
593
594
557
557
557
557
579
579
579
590
590
595
542
542
542
542
589
589
589
598
598
599
597
597
597
597
600
600
600
602
602
607
584
584
584
584
600
600
600
601
601
602
565
565
565
565
583
583
583
598
598
603
546
546
546
546
597
597
597
606
606
607
605
605
605
605
608
608
608
610
610
1311
588
588
588
588
608
608
608
609
609
610
573
573
573
573
587
587
587
606
606
611
558
558
558
558
578
578
578
581
581
594
557
557
557
577
577
580
577
577
596
578
578
578
578
579
579
579
595
595
599
579
579
579
579
590
590
590
594
594
616
578
578
578
578
579
579
579
589
589
593
543
543
543
543
556
556
556
580
580
592
555
555
555
555
577
577
577
580
580
591
566
566
566
566
582
582
582
585
585
602
565
565
565
565
581
581
581
584
584
589
578
578
578
578
581
581
581
592
592
604
582
582
582
582
583
583
583
603
603
607
583
583
583
583
598
598
598
602
602
620
582
582
582
582
583
583
583
597
597
601
547
547
547
547
564
564
564
584
584
600
563
563
563
563
581
581
581
584
584
599
574
574
574
574
586
586
586
610
610
1297
573
573
573
573
585
585
585
588
588
597
582
582
582
582
585
585
585
600
600
612
586
586
586
586
587
587
587
611
611
647
587
587
587
587
606
606
606
610
610
624
586
586
586
586
587
587
587
605
605
609
551
551
551
551
572
572
572
588
588
608
571
571
571
571
585
585
585
588
588
607
626
626
627
625
625
625
625
628
628
628
630
630
635
616
616
616
616
628
628
628
629
629
630
593
593
593
593
615
615
615
626
626
631
578
578
578
578
625
625
625
634
634
635
633
633
633
633
636
636
636
638
638
643
620
620
620
620
636
636
636
637
637
638
601
601
601
601
619
619
619
634
634
639
582
582
582
582
633
633
633
642
642
643
641
641
641
641
644
644
644
646
646
1347
624
624
624
624
644
644
644
645
645
646
609
609
609
609
623
623
623
642
642
647
594
594
594
594
614
614
614
617
617
630
593
593
593
613
613
616
613
613
632
614
614
614
614
615
615
615
631
631
635
615
615
615
615
626
626
626
630
630
652
614
614
614
614
615
615
615
625
625
629
579
579
579
579
592
592
592
616
616
628
591
591
591
591
613
613
613
616
616
627
602
602
602
602
618
618
618
621
621
638
601
601
601
601
617
617
617
620
620
625
614
614
614
614
617
617
617
628
628
640
618
618
618
618
619
619
619
639
639
643
619
619
619
619
634
634
634
638
638
656
618
618
618
618
619
619
619
633
633
637
583
583
583
583
600
600
600
620
620
636
599
599
599
599
617
617
617
620
620
635
610
610
610
610
622
622
622
646
646
1333
609
609
609
609
621
621
621
624
624
633
618
618
618
618
621
621
621
636
636
648
622
622
622
622
623
623
623
647
647
683
623
623
623
623
642
642
642
646
646
660
622
622
622
622
623
623
623
641
641
645
587
587
587
587
608
608
608
624
624
644
607
607
607
607
621
621
621
624
624
643
662
662
663
661
661
661
661
664
664
664
666
666
671
652
652
652
652
664
664
664
665
665
666
629
629
629
629
651
651
651
662
662
667
614
614
614
614
661
661
661
670
670
671
669
669
669
669
672
672
672
674
674
679
656
656
656
656
672
672
672
673
673
674
637
637
637
637
655
655
655
670
670
675
618
618
618
618
669
669
669
678
678
679
677
677
677
677
680
680
680
682
682
1383
660
660
660
660
680
680
680
681
681
682
645
645
645
645
659
659
659
678
678
683
630
630
630
630
650
650
650
653
653
666
629
629
629
649
649
652
649
649
668
650
650
650
650
651
651
651
667
667
671
651
651
651
651
662
662
662
666
666
688
650
650
650
650
651
651
651
661
661
665
615
615
615
615
628
628
628
652
652
664
627
627
627
627
649
649
649
652
652
663
638
638
638
638
654
654
654
657
657
674
637
637
637
637
653
653
653
656
656
661
650
650
650
650
653
653
653
664
664
676
654
654
654
654
655
655
655
675
675
679
655
655
655
655
670
670
670
674
674
692
654
654
654
654
655
655
655
669
669
673
619
619
619
619
636
636
636
656
656
672
635
635
635
635
653
653
653
656
656
671
646
646
646
646
658
658
658
682
682
1369
645
645
645
645
657
657
657
660
660
669
654
654
654
654
657
657
657
672
672
684
658
658
658
658
659
659
659
683
683
719
659
659
659
659
678
678
678
682
682
696
658
658
658
658
659
659
659
677
677
681
623
623
623
623
644
644
644
660
660
680
643
643
643
643
657
657
657
660
660
679
698
698
699
697
697
697
700
700
702
688
688
688
700
700
701
665
665
665
665
687
687
687
698
698
703
650
650
650
650
697
697
697
706
706
707
705
705
705
708
708
710
692
692
692
708
708
709
673
673
673
673
691
691
691
706
706
711
654
654
654
654
705
705
705
714
714
715
713
713
713
716
716
718
696
696
696
716
716
717
681
681
681
681
695
695
695
714
714
719
666
666
666
666
686
686
686
689
689
702
665
665
665
685
685
688
685
686
686
686
687
687
703
687
687
698
686
686
686
687
687
697
651
651
651
651
664
664
664
688
688
700
663
663
663
663
685
685
685
688
688
699
674
674
674
674
690
690
690
693
693
710
673
673
673
673
689
689
689
692
692
697
686
686
686
689
689
700
690
690
690
691
691
711
691
691
706
690
690
690
691
691
705
655
655
655
655
672
672
672
692
692
708
671
671
671
671
689
689
689
692
692
707
682
682
682
682
694
694
694
718
718
1405
681
681
681
681
693
693
693
696
696
705
690
690
690
693
693
708
694
694
694
695
695
719
695
695
714
694
694
694
695
695
713
659
659
659
659
680
680
680
696
696
716
679
679
679
679
693
693
693
696
696
715
29
29
29
734
734
735
733
733
733
733
736
736
736
738
738
743
724
724
724
724
736
736
736
737
737
738
723
723
723
734
734
739
733
733
733
742
742
743
741
741
741
741
744
744
744
746
746
751
728
728
728
728
744
744
744
745
745
746
727
727
727
742
742
747
741
741
741
750
750
751
749
749
749
749
752
752
752
754
754
1455
732
732
732
732
752
752
752
753
753
754
731
731
731
750
750
755
722
722
722
725
725
738
29
29
29
721
721
724
10
10
10
10
32
32
32
721
721
740
722
722
722
722
723
723
723
739
739
743
723
723
723
723
734
734
734
738
738
760
722
722
722
722
723
723
723
733
733
737
724
724
736
721
721
721
724
724
735
726
726
726
729
729
746
725
725
725
728
728
733
722
722
722
722
725
725
725
736
736
748
726
726
726
726
727
727
727
747
747
751
727
727
727
727
742
742
742
746
746
764
726
726
726
726
727
727
727
741
741
745
728
728
744
725
725
725
728
728
743
730
730
730
754
754
1441
729
729
729
732
732
741
726
726
726
726
729
729
729
744
744
756
730
730
730
730
731
731
731
755
755
791
731
731
731
731
750
750
750
754
754
768
730
730
730
730
731
731
731
749
749
753
732
732
752
729
729
729
732
732
751
10
10
10
10
65
65
65
770
770
771
769
769
769
769
772
772
772
774
774
779
760
760
760
760
772
772
772
773
773
774
737
737
737
737
759
759
759
770
770
775
722
722
722
722
769
769
769
778
778
779
777
777
777
777
780
780
780
782
782
787
764
764
764
764
780
780
780
781
781
782
745
745
745
745
763
763
763
778
778
783
726
726
726
726
777
777
777
786
786
787
785
785
785
785
788
788
788
790
790
1491
768
768
768
768
788
788
788
789
789
790
753
753
753
753
767
767
767
786
786
791
738
738
738
738
758
758
758
761
761
774
65
65
65
65
737
737
737
757
757
760
46
46
46
46
68
68
68
757
757
776
758
758
758
758
759
759
759
775
775
779
759
759
759
759
770
770
770
774
774
796
758
758
758
758
759
759
759
769
769
773
723
723
723
723
736
736
736
760
760
772
735
735
735
735
757
757
757
760
760
771
746
746
746
746
762
762
762
765
765
782
745
745
745
745
761
761
761
764
764
769
758
758
758
758
761
761
761
772
772
784
762
762
762
762
763
763
763
783
783
787
763
763
763
763
778
778
778
782
782
800
762
762
762
762
763
763
763
777
777
781
727
727
727
727
744
744
744
764
764
780
743
743
743
743
761
761
761
764
764
779
754
754
754
754
766
766
766
790
790
1477
753
753
753
753
765
765
765
768
768
777
762
762
762
762
765
765
765
780
780
792
766
766
766
766
767
767
767
791
791
827
767
767
767
767
786
786
786
790
790
804
766
766
766
766
767
767
767
785
785
789
731
731
731
731
752
752
752
768
768
788
751
751
751
751
765
765
765
768
768
787
46
46
46
46
101
101
101
806
806
807
805
805
805
805
808
808
808
810
810
815
796
796
796
796
808
808
808
809
809
810
773
773
773
773
795
795
795
806
806
811
758
758
758
758
805
805
805
814
814
815
813
813
813
813
816
816
816
818
818
823
800
800
800
800
816
816
816
817
817
818
781
781
781
781
799
799
799
814
814
819
762
762
762
762
813
813
813
822
822
823
821
821
821
821
824
824
824
826
826
1527
804
804
804
804
824
824
824
825
825
826
789
789
789
789
803
803
803
822
822
827
774
774
774
774
794
794
794
797
797
810
101
101
101
101
773
773
773
793
793
796
82
82
82
82
104
104
104
793
793
812
794
794
794
794
795
795
795
811
811
815
795
795
795
795
806
806
806
810
810
832
794
794
794
794
795
795
795
805
805
809
759
759
759
759
772
772
772
796
796
808
771
771
771
771
793
793
793
796
796
807
782
782
782
782
798
798
798
801
801
818
781
781
781
781
797
797
797
800
800
805
794
794
794
794
797
797
797
808
808
820
798
798
798
798
799
799
799
819
819
823
799
799
799
799
814
814
814
818
818
836
798
798
798
798
799
799
799
813
813
817
763
763
763
763
780
780
780
800
800
816
779
779
779
779
797
797
797
800
800
815
790
790
790
790
802
802
802
826
826
1513
789
789
789
789
801
801
801
804
804
813
798
798
798
798
801
801
801
816
816
828
802
802
802
802
803
803
803
827
827
863
803
803
803
803
822
822
822
826
826
840
802
802
802
802
803
803
803
821
821
825
767
767
767
767
788
788
788
804
804
824
787
787
787
787
801
801
801
804
804
823
82
82
82
82
137
137
137
842
842
843
841
841
841
841
844
844
844
846
846
851
832
832
832
832
844
844
844
845
845
846
809
809
809
809
831
831
831
842
842
847
794
794
794
794
841
841
841
850
850
851
849
849
849
849
852
852
852
854
854
859
836
836
836
836
852
852
852
853
853
854
817
817
817
817
835
835
835
850
850
855
798
798
798
798
849
849
849
858
858
859
857
857
857
857
860
860
860
862
862
1563
840
840
840
840
860
860
860
861
861
862
825
825
825
825
839
839
839
858
858
863
810
810
810
810
830
830
830
833
833
846
137
137
137
137
809
809
809
829
829
832
118
118
118
118
140
140
140
829
829
848
830
830
830
830
831
831
831
847
847
851
831
831
831
831
842
842
842
846
846
868
830
830
830
830
831
831
831
841
841
845
795
795
795
795
808
808
808
832
832
844
807
807
807
807
829
829
829
832
832
843
818
818
818
818
834
834
834
837
837
854
817
817
817
817
833
833
833
836
836
841
830
830
830
830
833
833
833
844
844
856
834
834
834
834
835
835
835
855
855
859
835
835
835
835
850
850
850
854
854
872
834
834
834
834
835
835
835
849
849
853
799
799
799
799
816
816
816
836
836
852
815
815
815
815
833
833
833
836
836
851
826
826
826
826
838
838
838
862
862
1549
825
825
825
825
837
837
837
840
840
849
834
834
834
834
837
837
837
852
852
864
838
838
838
838
839
839
839
863
863
899
839
839
839
839
858
858
858
862
862
876
838
838
838
838
839
839
839
857
857
861
803
803
803
803
824
824
824
840
840
860
823
823
823
823
837
837
837
840
840
859
118
118
118
118
173
173
173
878
878
879
877
877
877
877
880
880
880
882
882
887
868
868
868
868
880
880
880
881
881
882
845
845
845
845
867
867
867
878
878
883
830
830
830
830
877
877
877
886
886
887
885
885
885
885
888
888
888
890
890
895
872
872
872
872
888
888
888
889
889
890
853
853
853
853
871
871
871
886
886
891
834
834
834
834
885
885
885
894
894
895
893
893
893
893
896
896
896
898
898
1599
876
876
876
876
896
896
896
897
897
898
861
861
861
861
875
875
875
894
894
899
846
846
846
846
866
866
866
869
869
882
173
173
173
173
845
845
845
865
865
868
154
154
154
154
176
176
176
865
865
884
866
866
866
866
867
867
867
883
883
887
867
867
867
867
878
878
878
882
882
904
866
866
866
866
867
867
867
877
877
881
831
831
831
831
844
844
844
868
868
880
843
843
843
843
865
865
865
868
868
879
854
854
854
854
870
870
870
873
873
890
853
853
853
853
869
869
869
872
872
877
866
866
866
866
869
869
869
880
880
892
870
870
870
870
871
871
871
891
891
895
871
871
871
871
886
886
886
890
890
908
870
870
870
870
871
871
871
885
885
889
835
835
835
835
852
852
852
872
872
888
851
851
851
851
869
869
869
872
872
887
862
862
862
862
874
874
874
898
898
1585
861
861
861
861
873
873
873
876
876
885
870
870
870
870
873
873
873
888
888
900
874
874
874
874
875
875
875
899
899
935
875
875
875
875
894
894
894
898
898
912
874
874
874
874
875
875
875
893
893
897
839
839
839
839
860
860
860
876
876
896
859
859
859
859
873
873
873
876
876
895
154
154
154
154
209
209
209
914
914
915
913
913
913
913
916
916
916
918
918
923
904
904
904
904
916
916
916
917
917
918
881
881
881
881
903
903
903
914
914
919
866
866
866
866
913
913
913
922
922
923
921
921
921
921
924
924
924
926
926
931
908
908
908
908
924
924
924
925
925
926
889
889
889
889
907
907
907
922
922
927
870
870
870
870
921
921
921
930
930
931
929
929
929
929
932
932
932
934
934
1635
912
912
912
912
932
932
932
933
933
934
897
897
897
897
911
911
911
930
930
935
882
882
882
882
902
902
902
905
905
918
209
209
209
209
881
881
881
901
901
904
190
190
190
190
212
212
212
901
901
920
902
902
902
902
903
903
903
919
919
923
903
903
903
903
914
914
914
918
918
940
902
902
902
902
903
903
903
913
913
917
867
867
867
867
880
880
880
904
904
916
879
879
879
879
901
901
901
904
904
915
890
890
890
890
906
906
906
909
909
926
889
889
889
889
905
905
905
908
908
913
902
902
902
902
905
905
905
916
916
928
906
906
906
906
907
907
907
927
927
931
907
907
907
907
922
922
922
926
926
944
906
906
906
906
907
907
907
921
921
925
871
871
871
871
888
888
888
908
908
924
887
887
887
887
905
905
905
908
908
923
898
898
898
898
910
910
910
934
934
1621
897
897
897
897
909
909
909
912
912
921
906
906
906
906
909
909
909
924
924
936
910
910
910
910
911
911
911
935
935
971
911
911
911
911
930
930
930
934
934
948
910
910
910
910
911
911
911
929
929
933
875
875
875
875
896
896
896
912
912
932
895
895
895
895
909
909
909
912
912
931
190
190
190
190
245
245
245
950
950
951
949
949
949
949
952
952
952
954
954
959
940
940
940
940
952
952
952
953
953
954
917
917
917
917
939
939
939
950
950
955
902
902
902
902
949
949
949
958
958
959
957
957
957
957
960
960
960
962
962
967
944
944
944
944
960
960
960
961
961
962
925
925
925
925
943
943
943
958
958
963
906
906
906
906
957
957
957
966
966
967
965
965
965
965
968
968
968
970
970
1671
948
948
948
948
968
968
968
969
969
970
933
933
933
933
947
947
947
966
966
971
918
918
918
918
938
938
938
941
941
954
245
245
245
245
917
917
917
937
937
940
226
226
226
226
248
248
248
937
937
956
938
938
938
938
939
939
939
955
955
959
939
939
939
939
950
950
950
954
954
976
938
938
938
938
939
939
939
949
949
953
903
903
903
903
916
916
916
940
940
952
915
915
915
915
937
937
937
940
940
951
926
926
926
926
942
942
942
945
945
962
925
925
925
925
941
941
941
944
944
949
938
938
938
938
941
941
941
952
952
964
942
942
942
942
943
943
943
963
963
967
943
943
943
943
958
958
958
962
962
980
942
942
942
942
943
943
943
957
957
961
907
907
907
907
924
924
924
944
944
960
923
923
923
923
941
941
941
944
944
959
934
934
934
934
946
946
946
970
970
1657
933
933
933
933
945
945
945
948
948
957
942
942
942
942
945
945
945
960
960
972
946
946
946
946
947
947
947
971
971
1007
947
947
947
947
966
966
966
970
970
984
946
946
946
946
947
947
947
965
965
969
911
911
911
911
932
932
932
948
948
968
931
931
931
931
945
945
945
948
948
967
226
226
226
226
281
281
281
986
986
987
985
985
985
985
988
988
988
990
990
995
976
976
976
976
988
988
988
989
989
990
953
953
953
953
975
975
975
986
986
991
938
938
938
938
985
985
985
994
994
995
993
993
993
993
996
996
996
998
998
1003
980
980
980
980
996
996
996
997
997
998
961
961
961
961
979
979
979
994
994
999
942
942
942
942
993
993
993
1002
1002
1003
1001
1001
1001
1001
1004
1004
1004
1006
1006
1707
984
984
984
984
1004
1004
1004
1005
1005
1006
969
969
969
969
983
983
983
1002
1002
1007
954
954
954
954
974
974
974
977
977
990
281
281
281
281
953
953
953
973
973
976
262
262
262
262
284
284
284
973
973
992
974
974
974
974
975
975
975
991
991
995
975
975
975
975
986
986
986
990
990
1012
974
974
974
974
975
975
975
985
985
989
939
939
939
939
952
952
952
976
976
988
951
951
951
951
973
973
973
976
976
987
962
962
962
962
978
978
978
981
981
998
961
961
961
961
977
977
977
980
980
985
974
974
974
974
977
977
977
988
988
1000
978
978
978
978
979
979
979
999
999
1003
979
979
979
979
994
994
994
998
998
1016
978
978
978
978
979
979
979
993
993
997
943
943
943
943
960
960
960
980
980
996
959
959
959
959
977
977
977
980
980
995
970
970
970
970
982
982
982
1006
1006
1693
969
969
969
969
981
981
981
984
984
993
978
978
978
978
981
981
981
996
996
1008
982
982
982
982
983
983
983
1007
1007
1043
983
983
983
983
1002
1002
1002
1006
1006
1020
982
982
982
982
983
983
983
1001
1001
1005
947
947
947
947
968
968
968
984
984
1004
967
967
967
967
981
981
981
984
984
1003
262
262
262
262
317
317
317
1022
1022
1023
1021
1021
1021
1021
1024
1024
1024
1026
1026
1031
1012
1012
1012
1012
1024
1024
1024
1025
1025
1026
989
989
989
989
1011
1011
1011
1022
1022
1027
974
974
974
974
1021
1021
1021
1030
1030
1031
1029
1029
1029
1029
1032
1032
1032
1034
1034
1039
1016
1016
1016
1016
1032
1032
1032
1033
1033
1034
997
997
997
997
1015
1015
1015
1030
1030
1035
978
978
978
978
1029
1029
1029
1038
1038
1039
1037
1037
1037
1037
1040
1040
1040
1042
1042
1743
1020
1020
1020
1020
1040
1040
1040
1041
1041
1042
1005
1005
1005
1005
1019
1019
1019
1038
1038
1043
990
990
990
990
1010
1010
1010
1013
1013
1026
317
317
317
317
989
989
989
1009
1009
1012
298
298
298
298
320
320
320
1009
1009
1028
1010
1010
1010
1010
1011
1011
1011
1027
1027
1031
1011
1011
1011
1011
1022
1022
1022
1026
1026
1048
1010
1010
1010
1010
1011
1011
1011
1021
1021
1025
975
975
975
975
988
988
988
1012
1012
1024
987
987
987
987
1009
1009
1009
1012
1012
1023
998
998
998
998
1014
1014
1014
1017
1017
1034
997
997
997
997
1013
1013
1013
1016
1016
1021
1010
1010
1010
1010
1013
1013
1013
1024
1024
1036
1014
1014
1014
1014
1015
1015
1015
1035
1035
1039
1015
1015
1015
1015
1030
1030
1030
1034
1034
1052
1014
1014
1014
1014
1015
1015
1015
1029
1029
1033
979
979
979
979
996
996
996
1016
1016
1032
995
995
995
995
1013
1013
1013
1016
1016
1031
1006
1006
1006
1006
1018
1018
1018
1042
1042
1729
1005
1005
1005
1005
1017
1017
1017
1020
1020
1029
1014
1014
1014
1014
1017
1017
1017
1032
1032
1044
1018
1018
1018
1018
1019
1019
1019
1043
1043
1079
1019
1019
1019
1019
1038
1038
1038
1042
1042
1056
1018
1018
1018
1018
1019
1019
1019
1037
1037
1041
983
983
983
983
1004
1004
1004
1020
1020
1040
1003
1003
1003
1003
1017
1017
1017
1020
1020
1039
298
298
298
298
353
353
353
1058
1058
1059
1057
1057
1057
1057
1060
1060
1060
1062
1062
1067
1048
1048
1048
1048
1060
1060
1060
1061
1061
1062
1025
1025
1025
1025
1047
1047
1047
1058
1058
1063
1010
1010
1010
1010
1057
1057
1057
1066
1066
1067
1065
1065
1065
1065
1068
1068
1068
1070
1070
1075
1052
1052
1052
1052
1068
1068
1068
1069
1069
1070
1033
1033
1033
1033
1051
1051
1051
1066
1066
1071
1014
1014
1014
1014
1065
1065
1065
1074
1074
1075
1073
1073
1073
1073
1076
1076
1076
1078
1078
1779
1056
1056
1056
1056
1076
1076
1076
1077
1077
1078
1041
1041
1041
1041
1055
1055
1055
1074
1074
1079
1026
1026
1026
1026
1046
1046
1046
1049
1049
1062
353
353
353
353
1025
1025
1025
1045
1045
1048
334
334
334
334
356
356
356
1045
1045
1064
1046
1046
1046
1046
1047
1047
1047
1063
1063
1067
1047
1047
1047
1047
1058
1058
1058
1062
1062
1084
1046
1046
1046
1046
1047
1047
1047
1057
1057
1061
1011
1011
1011
1011
1024
1024
1024
1048
1048
1060
1023
1023
1023
1023
1045
1045
1045
1048
1048
1059
1034
1034
1034
1034
1050
1050
1050
1053
1053
1070
1033
1033
1033
1033
1049
1049
1049
1052
1052
1057
1046
1046
1046
1046
1049
1049
1049
1060
1060
1072
1050
1050
1050
1050
1051
1051
1051
1071
1071
1075
1051
1051
1051
1051
1066
1066
1066
1070
1070
1088
1050
1050
1050
1050
1051
1051
1051
1065
1065
1069
1015
1015
1015
1015
1032
1032
1032
1052
1052
1068
1031
1031
1031
1031
1049
1049
1049
1052
1052
1067
1042
1042
1042
1042
1054
1054
1054
1078
1078
1765
1041
1041
1041
1041
1053
1053
1053
1056
1056
1065
1050
1050
1050
1050
1053
1053
1053
1068
1068
1080
1054
1054
1054
1054
1055
1055
1055
1079
1079
1115
1055
1055
1055
1055
1074
1074
1074
1078
1078
1092
1054
1054
1054
1054
1055
1055
1055
1073
1073
1077
1019
1019
1019
1019
1040
1040
1040
1056
1056
1076
1039
1039
1039
1039
1053
1053
1053
1056
1056
1075
334
334
334
334
389
389
389
1094
1094
1095
1093
1093
1093
1093
1096
1096
1096
1098
1098
1103
1084
1084
1084
1084
1096
1096
1096
1097
1097
1098
1061
1061
1061
1061
1083
1083
1083
1094
1094
1099
1046
1046
1046
1046
1093
1093
1093
1102
1102
1103
1101
1101
1101
1101
1104
1104
1104
1106
1106
1111
1088
1088
1088
1088
1104
1104
1104
1105
1105
1106
1069
1069
1069
1069
1087
1087
1087
1102
1102
1107
1050
1050
1050
1050
1101
1101
1101
1110
1110
1111
1109
1109
1109
1109
1112
1112
1112
1114
1114
1815
1092
1092
1092
1092
1112
1112
1112
1113
1113
1114
1077
1077
1077
1077
1091
1091
1091
1110
1110
1115
1062
1062
1062
1062
1082
1082
1082
1085
1085
1098
389
389
389
389
1061
1061
1061
1081
1081
1084
370
370
370
370
392
392
392
1081
1081
1100
1082
1082
1082
1082
1083
1083
1083
1099
1099
1103
1083
1083
1083
1083
1094
1094
1094
1098
1098
1120
1082
1082
1082
1082
1083
1083
1083
1093
1093
1097
1047
1047
1047
1047
1060
1060
1060
1084
1084
1096
1059
1059
1059
1059
1081
1081
1081
1084
1084
1095
1070
1070
1070
1070
1086
1086
1086
1089
1089
1106
1069
1069
1069
1069
1085
1085
1085
1088
1088
1093
1082
1082
1082
1082
1085
1085
1085
1096
1096
1108
1086
1086
1086
1086
1087
1087
1087
1107
1107
1111
1087
1087
1087
1087
1102
1102
1102
1106
1106
1124
1086
1086
1086
1086
1087
1087
1087
1101
1101
1105
1051
1051
1051
1051
1068
1068
1068
1088
1088
1104
1067
1067
1067
1067
1085
1085
1085
1088
1088
1103
1078
1078
1078
1078
1090
1090
1090
1114
1114
1801
1077
1077
1077
1077
1089
1089
1089
1092
1092
1101
1086
1086
1086
1086
1089
1089
1089
1104
1104
1116
1090
1090
1090
1090
1091
1091
1091
1115
1115
1151
1091
1091
1091
1091
1110
1110
1110
1114
1114
1128
1090
1090
1090
1090
1091
1091
1091
1109
1109
1113
1055
1055
1055
1055
1076
1076
1076
1092
1092
1112
1075
1075
1075
1075
1089
1089
1089
1092
1092
1111
370
370
370
370
425
425
425
1130
1130
1131
1129
1129
1129
1129
1132
1132
1132
1134
1134
1139
1120
1120
1120
1120
1132
1132
1132
1133
1133
1134
1097
1097
1097
1097
1119
1119
1119
1130
1130
1135
1082
1082
1082
1082
1129
1129
1129
1138
1138
1139
1137
1137
1137
1137
1140
1140
1140
1142
1142
1147
1124
1124
1124
1124
1140
1140
1140
1141
1141
1142
1105
1105
1105
1105
1123
1123
1123
1138
1138
1143
1086
1086
1086
1086
1137
1137
1137
1146
1146
1147
1145
1145
1145
1145
1148
1148
1148
1150
1150
1851
1128
1128
1128
1128
1148
1148
1148
1149
1149
1150
1113
1113
1113
1113
1127
1127
1127
1146
1146
1151
1098
1098
1098
1098
1118
1118
1118
1121
1121
1134
425
425
425
425
1097
1097
1097
1117
1117
1120
406
406
406
406
428
428
428
1117
1117
1136
1118
1118
1118
1118
1119
1119
1119
1135
1135
1139
1119
1119
1119
1119
1130
1130
1130
1134
1134
1156
1118
1118
1118
1118
1119
1119
1119
1129
1129
1133
1083
1083
1083
1083
1096
1096
1096
1120
1120
1132
1095
1095
1095
1095
1117
1117
1117
1120
1120
1131
1106
1106
1106
1106
1122
1122
1122
1125
1125
1142
1105
1105
1105
1105
1121
1121
1121
1124
1124
1129
1118
1118
1118
1118
1121
1121
1121
1132
1132
1144
1122
1122
1122
1122
1123
1123
1123
1143
1143
1147
1123
1123
1123
1123
1138
1138
1138
1142
1142
1160
1122
1122
1122
1122
1123
1123
1123
1137
1137
1141
1087
1087
1087
1087
1104
1104
1104
1124
1124
1140
1103
1103
1103
1103
1121
1121
1121
1124
1124
1139
1114
1114
1114
1114
1126
1126
1126
1150
1150
1837
1113
1113
1113
1113
1125
1125
1125
1128
1128
1137
1122
1122
1122
1122
1125
1125
1125
1140
1140
1152
1126
1126
1126
1126
1127
1127
1127
1151
1151
1187
1127
1127
1127
1127
1146
1146
1146
1150
1150
1164
1126
1126
1126
1126
1127
1127
1127
1145
1145
1149
1091
1091
1091
1091
1112
1112
1112
1128
1128
1148
1111
1111
1111
1111
1125
1125
1125
1128
1128
1147
406
406
406
406
461
461
461
1166
1166
1167
1165
1165
1165
1165
1168
1168
1168
1170
1170
1175
1156
1156
1156
1156
1168
1168
1168
1169
1169
1170
1133
1133
1133
1133
1155
1155
1155
1166
1166
1171
1118
1118
1118
1118
1165
1165
1165
1174
1174
1175
1173
1173
1173
1173
1176
1176
1176
1178
1178
1183
1160
1160
1160
1160
1176
1176
1176
1177
1177
1178
1141
1141
1141
1141
1159
1159
1159
1174
1174
1179
1122
1122
1122
1122
1173
1173
1173
1182
1182
1183
1181
1181
1181
1181
1184
1184
1184
1186
1186
1887
1164
1164
1164
1164
1184
1184
1184
1185
1185
1186
1149
1149
1149
1149
1163
1163
1163
1182
1182
1187
1134
1134
1134
1134
1154
1154
1154
1157
1157
1170
461
461
461
461
1133
1133
1133
1153
1153
1156
442
442
442
442
464
464
464
1153
1153
1172
1154
1154
1154
1154
1155
1155
1155
1171
1171
1175
1155
1155
1155
1155
1166
1166
1166
1170
1170
1192
1154
1154
1154
1154
1155
1155
1155
1165
1165
1169
1119
1119
1119
1119
1132
1132
1132
1156
1156
1168
1131
1131
1131
1131
1153
1153
1153
1156
1156
1167
1142
1142
1142
1142
1158
1158
1158
1161
1161
1178
1141
1141
1141
1141
1157
1157
1157
1160
1160
1165
1154
1154
1154
1154
1157
1157
1157
1168
1168
1180
1158
1158
1158
1158
1159
1159
1159
1179
1179
1183
1159
1159
1159
1159
1174
1174
1174
1178
1178
1196
1158
1158
1158
1158
1159
1159
1159
1173
1173
1177
1123
1123
1123
1123
1140
1140
1140
1160
1160
1176
1139
1139
1139
1139
1157
1157
1157
1160
1160
1175
1150
1150
1150
1150
1162
1162
1162
1186
1186
1873
1149
1149
1149
1149
1161
1161
1161
1164
1164
1173
1158
1158
1158
1158
1161
1161
1161
1176
1176
1188
1162
1162
1162
1162
1163
1163
1163
1187
1187
1223
1163
1163
1163
1163
1182
1182
1182
1186
1186
1200
1162
1162
1162
1162
1163
1163
1163
1181
1181
1185
1127
1127
1127
1127
1148
1148
1148
1164
1164
1184
1147
1147
1147
1147
1161
1161
1161
1164
1164
1183
442
442
442
442
497
497
497
1202
1202
1203
1201
1201
1201
1201
1204
1204
1204
1206
1206
1211
1192
1192
1192
1192
1204
1204
1204
1205
1205
1206
1169
1169
1169
1169
1191
1191
1191
1202
1202
1207
1154
1154
1154
1154
1201
1201
1201
1210
1210
1211
1209
1209
1209
1209
1212
1212
1212
1214
1214
1219
1196
1196
1196
1196
1212
1212
1212
1213
1213
1214
1177
1177
1177
1177
1195
1195
1195
1210
1210
1215
1158
1158
1158
1158
1209
1209
1209
1218
1218
1219
1217
1217
1217
1217
1220
1220
1220
1222
1222
1923
1200
1200
1200
1200
1220
1220
1220
1221
1221
1222
1185
1185
1185
1185
1199
1199
1199
1218
1218
1223
1170
1170
1170
1170
1190
1190
1190
1193
1193
1206
497
497
497
497
1169
1169
1169
1189
1189
1192
478
478
478
478
500
500
500
1189
1189
1208
1190
1190
1190
1190
1191
1191
1191
1207
1207
1211
1191
1191
1191
1191
1202
1202
1202
1206
1206
1228
1190
1190
1190
1190
1191
1191
1191
1201
1201
1205
1155
1155
1155
1155
1168
1168
1168
1192
1192
1204
1167
1167
1167
1167
1189
1189
1189
1192
1192
1203
1178
1178
1178
1178
1194
1194
1194
1197
1197
1214
1177
1177
1177
1177
1193
1193
1193
1196
1196
1201
1190
1190
1190
1190
1193
1193
1193
1204
1204
1216
1194
1194
1194
1194
1195
1195
1195
1215
1215
1219
1195
1195
1195
1195
1210
1210
1210
1214
1214
1232
1194
1194
1194
1194
1195
1195
1195
1209
1209
1213
1159
1159
1159
1159
1176
1176
1176
1196
1196
1212
1175
1175
1175
1175
1193
1193
1193
1196
1196
1211
1186
1186
1186
1186
1198
1198
1198
1222
1222
1909
1185
1185
1185
1185
1197
1197
1197
1200
1200
1209
1194
1194
1194
1194
1197
1197
1197
1212
1212
1224
1198
1198
1198
1198
1199
1199
1199
1223
1223
1259
1199
1199
1199
1199
1218
1218
1218
1222
1222
1236
1198
1198
1198
1198
1199
1199
1199
1217
1217
1221
1163
1163
1163
1163
1184
1184
1184
1200
1200
1220
1183
1183
1183
1183
1197
1197
1197
1200
1200
1219
478
478
478
478
533
533
533
1238
1238
1239
1237
1237
1237
1237
1240
1240
1240
1242
1242
1247
1228
1228
1228
1228
1240
1240
1240
1241
1241
1242
1205
1205
1205
1205
1227
1227
1227
1238
1238
1243
1190
1190
1190
1190
1237
1237
1237
1246
1246
1247
1245
1245
1245
1245
1248
1248
1248
1250
1250
1255
1232
1232
1232
1232
1248
1248
1248
1249
1249
1250
1213
1213
1213
1213
1231
1231
1231
1246
1246
1251
1194
1194
1194
1194
1245
1245
1245
1254
1254
1255
1253
1253
1253
1253
1256
1256
1256
1258
1258
1959
1236
1236
1236
1236
1256
1256
1256
1257
1257
1258
1221
1221
1221
1221
1235
1235
1235
1254
1254
1259
1206
1206
1206
1206
1226
1226
1226
1229
1229
1242
533
533
533
533
1205
1205
1205
1225
1225
1228
514
514
514
514
536
536
536
1225
1225
1244
1226
1226
1226
1226
1227
1227
1227
1243
1243
1247
1227
1227
1227
1227
1238
1238
1238
1242
1242
1264
1226
1226
1226
1226
1227
1227
1227
1237
1237
1241
1191
1191
1191
1191
1204
1204
1204
1228
1228
1240
1203
1203
1203
1203
1225
1225
1225
1228
1228
1239
1214
1214
1214
1214
1230
1230
1230
1233
1233
1250
1213
1213
1213
1213
1229
1229
1229
1232
1232
1237
1226
1226
1226
1226
1229
1229
1229
1240
1240
1252
1230
1230
1230
1230
1231
1231
1231
1251
1251
1255
1231
1231
1231
1231
1246
1246
1246
1250
1250
1268
1230
1230
1230
1230
1231
1231
1231
1245
1245
1249
1195
1195
1195
1195
1212
1212
1212
1232
1232
1248
1211
1211
1211
1211
1229
1229
1229
1232
1232
1247
1222
1222
1222
1222
1234
1234
1234
1258
1258
1945
1221
1221
1221
1221
1233
1233
1233
1236
1236
1245
1230
1230
1230
1230
1233
1233
1233
1248
1248
1260
1234
1234
1234
1234
1235
1235
1235
1259
1259
1295
1235
1235
1235
1235
1254
1254
1254
1258
1258
1272
1234
1234
1234
1234
1235
1235
1235
1253
1253
1257
1199
1199
1199
1199
1220
1220
1220
1236
1236
1256
1219
1219
1219
1219
1233
1233
1233
1236
1236
1255
514
514
514
514
569
569
569
1274
1274
1275
1273
1273
1273
1273
1276
1276
1276
1278
1278
1283
1264
1264
1264
1264
1276
1276
1276
1277
1277
1278
1241
1241
1241
1241
1263
1263
1263
1274
1274
1279
1226
1226
1226
1226
1273
1273
1273
1282
1282
1283
1281
1281
1281
1281
1284
1284
1284
1286
1286
1291
1268
1268
1268
1268
1284
1284
1284
1285
1285
1286
1249
1249
1249
1249
1267
1267
1267
1282
1282
1287
1230
1230
1230
1230
1281
1281
1281
1290
1290
1291
1289
1289
1289
1289
1292
1292
1292
1294
1294
1995
1272
1272
1272
1272
1292
1292
1292
1293
1293
1294
1257
1257
1257
1257
1271
1271
1271
1290
1290
1295
1242
1242
1242
1242
1262
1262
1262
1265
1265
1278
569
569
569
569
1241
1241
1241
1261
1261
1264
550
550
550
550
572
572
572
1261
1261
1280
1262
1262
1262
1262
1263
1263
1263
1279
1279
1283
1263
1263
1263
1263
1274
1274
1274
1278
1278
1300
1262
1262
1262
1262
1263
1263
1263
1273
1273
1277
1227
1227
1227
1227
1240
1240
1240
1264
1264
1276
1239
1239
1239
1239
1261
1261
1261
1264
1264
1275
1250
1250
1250
1250
1266
1266
1266
1269
1269
1286
1249
1249
1249
1249
1265
1265
1265
1268
1268
1273
1262
1262
1262
1262
1265
1265
1265
1276
1276
1288
1266
1266
1266
1266
1267
1267
1267
1287
1287
1291
1267
1267
1267
1267
1282
1282
1282
1286
1286
1304
1266
1266
1266
1266
1267
1267
1267
1281
1281
1285
1231
1231
1231
1231
1248
1248
1248
1268
1268
1284
1247
1247
1247
1247
1265
1265
1265
1268
1268
1283
1258
1258
1258
1258
1270
1270
1270
1294
1294
1981
1257
1257
1257
1257
1269
1269
1269
1272
1272
1281
1266
1266
1266
1266
1269
1269
1269
1284
1284
1296
1270
1270
1270
1270
1271
1271
1271
1295
1295
1331
1271
1271
1271
1271
1290
1290
1290
1294
1294
1308
1270
1270
1270
1270
1271
1271
1271
1289
1289
1293
1235
1235
1235
1235
1256
1256
1256
1272
1272
1292
1255
1255
1255
1255
1269
1269
1269
1272
1272
1291
550
550
550
550
605
605
605
1310
1310
1311
1309
1309
1309
1309
1312
1312
1312
1314
1314
1319
1300
1300
1300
1300
1312
1312
1312
1313
1313
1314
1277
1277
1277
1277
1299
1299
1299
1310
1310
1315
1262
1262
1262
1262
1309
1309
1309
1318
1318
1319
1317
1317
1317
1317
1320
1320
1320
1322
1322
1327
1304
1304
1304
1304
1320
1320
1320
1321
1321
1322
1285
1285
1285
1285
1303
1303
1303
1318
1318
1323
1266
1266
1266
1266
1317
1317
1317
1326
1326
1327
1325
1325
1325
1325
1328
1328
1328
1330
1330
2031
1308
1308
1308
1308
1328
1328
1328
1329
1329
1330
1293
1293
1293
1293
1307
1307
1307
1326
1326
1331
1278
1278
1278
1278
1298
1298
1298
1301
1301
1314
605
605
605
605
1277
1277
1277
1297
1297
1300
586
586
586
586
608
608
608
1297
1297
1316
1298
1298
1298
1298
1299
1299
1299
1315
1315
1319
1299
1299
1299
1299
1310
1310
1310
1314
1314
1336
1298
1298
1298
1298
1299
1299
1299
1309
1309
1313
1263
1263
1263
1263
1276
1276
1276
1300
1300
1312
1275
1275
1275
1275
1297
1297
1297
1300
1300
1311
1286
1286
1286
1286
1302
1302
1302
1305
1305
1322
1285
1285
1285
1285
1301
1301
1301
1304
1304
1309
1298
1298
1298
1298
1301
1301
1301
1312
1312
1324
1302
1302
1302
1302
1303
1303
1303
1323
1323
1327
1303
1303
1303
1303
1318
1318
1318
1322
1322
1340
1302
1302
1302
1302
1303
1303
1303
1317
1317
1321
1267
1267
1267
1267
1284
1284
1284
1304
1304
1320
1283
1283
1283
1283
1301
1301
1301
1304
1304
1319
1294
1294
1294
1294
1306
1306
1306
1330
1330
2017
1293
1293
1293
1293
1305
1305
1305
1308
1308
1317
1302
1302
1302
1302
1305
1305
1305
1320
1320
1332
1306
1306
1306
1306
1307
1307
1307
1331
1331
1367
1307
1307
1307
1307
1326
1326
1326
1330
1330
1344
1306
1306
1306
1306
1307
1307
1307
1325
1325
1329
1271
1271
1271
1271
1292
1292
1292
1308
1308
1328
1291
1291
1291
1291
1305
1305
1305
1308
1308
1327
586
586
586
586
641
641
641
1346
1346
1347
1345
1345
1345
1345
1348
1348
1348
1350
1350
1355
1336
1336
1336
1336
1348
1348
1348
1349
1349
1350
1313
1313
1313
1313
1335
1335
1335
1346
1346
1351
1298
1298
1298
1298
1345
1345
1345
1354
1354
1355
1353
1353
1353
1353
1356
1356
1356
1358
1358
1363
1340
1340
1340
1340
1356
1356
1356
1357
1357
1358
1321
1321
1321
1321
1339
1339
1339
1354
1354
1359
1302
1302
1302
1302
1353
1353
1353
1362
1362
1363
1361
1361
1361
1361
1364
1364
1364
1366
1366
2067
1344
1344
1344
1344
1364
1364
1364
1365
1365
1366
1329
1329
1329
1329
1343
1343
1343
1362
1362
1367
1314
1314
1314
1314
1334
1334
1334
1337
1337
1350
641
641
641
641
1313
1313
1313
1333
1333
1336
622
622
622
622
644
644
644
1333
1333
1352
1334
1334
1334
1334
1335
1335
1335
1351
1351
1355
1335
1335
1335
1335
1346
1346
1346
1350
1350
1372
1334
1334
1334
1334
1335
1335
1335
1345
1345
1349
1299
1299
1299
1299
1312
1312
1312
1336
1336
1348
1311
1311
1311
1311
1333
1333
1333
1336
1336
1347
1322
1322
1322
1322
1338
1338
1338
1341
1341
1358
1321
1321
1321
1321
1337
1337
1337
1340
1340
1345
1334
1334
1334
1334
1337
1337
1337
1348
1348
1360
1338
1338
1338
1338
1339
1339
1339
1359
1359
1363
1339
1339
1339
1339
1354
1354
1354
1358
1358
1376
1338
1338
1338
1338
1339
1339
1339
1353
1353
1357
1303
1303
1303
1303
1320
1320
1320
1340
1340
1356
1319
1319
1319
1319
1337
1337
1337
1340
1340
1355
1330
1330
1330
1330
1342
1342
1342
1366
1366
2053
1329
1329
1329
1329
1341
1341
1341
1344
1344
1353
1338
1338
1338
1338
1341
1341
1341
1356
1356
1368
1342
1342
1342
1342
1343
1343
1343
1367
1367
1403
1343
1343
1343
1343
1362
1362
1362
1366
1366
1380
1342
1342
1342
1342
1343
1343
1343
1361
1361
1365
1307
1307
1307
1307
1328
1328
1328
1344
1344
1364
1327
1327
1327
1327
1341
1341
1341
1344
1344
1363
622
622
622
622
677
677
677
1382
1382
1383
1381
1381
1381
1381
1384
1384
1384
1386
1386
1391
1372
1372
1372
1372
1384
1384
1384
1385
1385
1386
1349
1349
1349
1349
1371
1371
1371
1382
1382
1387
1334
1334
1334
1334
1381
1381
1381
1390
1390
1391
1389
1389
1389
1389
1392
1392
1392
1394
1394
1399
1376
1376
1376
1376
1392
1392
1392
1393
1393
1394
1357
1357
1357
1357
1375
1375
1375
1390
1390
1395
1338
1338
1338
1338
1389
1389
1389
1398
1398
1399
1397
1397
1397
1397
1400
1400
1400
1402
1402
2103
1380
1380
1380
1380
1400
1400
1400
1401
1401
1402
1365
1365
1365
1365
1379
1379
1379
1398
1398
1403
1350
1350
1350
1350
1370
1370
1370
1373
1373
1386
677
677
677
677
1349
1349
1349
1369
1369
1372
658
658
658
658
680
680
680
1369
1369
1388
1370
1370
1370
1370
1371
1371
1371
1387
1387
1391
1371
1371
1371
1371
1382
1382
1382
1386
1386
1408
1370
1370
1370
1370
1371
1371
1371
1381
1381
1385
1335
1335
1335
1335
1348
1348
1348
1372
1372
1384
1347
1347
1347
1347
1369
1369
1369
1372
1372
1383
1358
1358
1358
1358
1374
1374
1374
1377
1377
1394
1357
1357
1357
1357
1373
1373
1373
1376
1376
1381
1370
1370
1370
1370
1373
1373
1373
1384
1384
1396
1374
1374
1374
1374
1375
1375
1375
1395
1395
1399
1375
1375
1375
1375
1390
1390
1390
1394
1394
1412
1374
1374
1374
1374
1375
1375
1375
1389
1389
1393
1339
1339
1339
1339
1356
1356
1356
1376
1376
1392
1355
1355
1355
1355
1373
1373
1373
1376
1376
1391
1366
1366
1366
1366
1378
1378
1378
1402
1402
2089
1365
1365
1365
1365
1377
1377
1377
1380
1380
1389
1374
1374
1374
1374
1377
1377
1377
1392
1392
1404
1378
1378
1378
1378
1379
1379
1379
1403
1403
1439
1379
1379
1379
1379
1398
1398
1398
1402
1402
1416
1378
1378
1378
1378
1379
1379
1379
1397
1397
1401
1343
1343
1343
1343
1364
1364
1364
1380
1380
1400
1363
1363
1363
1363
1377
1377
1377
1380
1380
1399
658
658
658
658
713
713
713
1418
1418
1419
1417
1417
1417
1420
1420
1422
1408
1408
1408
1420
1420
1421
1385
1385
1385
1385
1407
1407
1407
1418
1418
1423
1370
1370
1370
1370
1417
1417
1417
1426
1426
1427
1425
1425
1425
1428
1428
1430
1412
1412
1412
1428
1428
1429
1393
1393
1393
1393
1411
1411
1411
1426
1426
1431
1374
1374
1374
1374
1425
1425
1425
1434
1434
1435
1433
1433
1433
1436
1436
1438
1416
1416
1416
1436
1436
1437
1401
1401
1401
1401
1415
1415
1415
1434
1434
1439
1386
1386
1386
1386
1406
1406
1406
1409
1409
1422
713
713
713
713
1385
1385
1385
1405
1405
1408
694
694
694
716
716
1405
1406
1406
1406
1407
1407
1423
1407
1407
1418
1406
1406
1406
1407
1407
1417
1371
1371
1371
1371
1384
1384
1384
1408
1408
1420
1383
1383
1383
1383
1405
1405
1405
1408
1408
1419
1394
1394
1394
1394
1410
1410
1410
1413
1413
1430
1393
1393
1393
1393
1409
1409
1409
1412
1412
1417
1406
1406
1406
1409
1409
1420
1410
1410
1410
1411
1411
1431
1411
1411
1426
1410
1410
1410
1411
1411
1425
1375
1375
1375
1375
1392
1392
1392
1412
1412
1428
1391
1391
1391
1391
1409
1409
1409
1412
1412
1427
1402
1402
1402
1402
1414
1414
1414
1438
1438
2125
1401
1401
1401
1401
1413
1413
1413
1416
1416
1425
1410
1410
1410
1413
1413
1428
1414
1414
1414
1415
1415
1439
1415
1415
1434
1414
1414
1414
1415
1415
1433
1379
1379
1379
1379
1400
1400
1400
1416
1416
1436
1399
1399
1399
1399
1413
1413
1413
1416
1416
1435
749
749
749
1454
1454
1455
1453
1453
1453
1453
1456
1456
1456
1458
1458
1463
1444
1444
1444
1444
1456
1456
1456
1457
1457
1458
1443
1443
1443
1454
1454
1459
1453
1453
1453
1462
1462
1463
1461
1461
1461
1461
1464
1464
1464
1466
1466
1471
1448
1448
1448
1448
1464
1464
1464
1465
1465
1466
1447
1447
1447
1462
1462
1467
1461
1461
1461
1470
1470
1471
1469
1469
1469
1469
1472
1472
1472
1474
1474
2175
1452
1452
1452
1452
1472
1472
1472
1473
1473
1474
1451
1451
1451
1470
1470
1475
1442
1442
1442
1445
1445
1458
749
749
749
1441
1441
1444
730
730
730
730
752
752
752
1441
1441
1460
1442
1442
1442
1442
1443
1443
1443
1459
1459
1463
1443
1443
1443
1443
1454
1454
1454
1458
1458
1480
1442
1442
1442
1442
1443
1443
1443
1453
1453
1457
1444
1444
1456
1441
1441
1441
1444
1444
1455
1446
1446
1446
1449
1449
1466
1445
1445
1445
1448
1448
1453
1442
1442
1442
1442
1445
1445
1445
1456
1456
1468
1446
1446
1446
1446
1447
1447
1447
1467
1467
1471
1447
1447
1447
1447
1462
1462
1462
1466
1466
1484
1446
1446
1446
1446
1447
1447
1447
1461
1461
1465
1448
1448
1464
1445
1445
1445
1448
1448
1463
1450
1450
1450
1474
1474
2161
1449
1449
1449
1452
1452
1461
1446
1446
1446
1446
1449
1449
1449
1464
1464
1476
1450
1450
1450
1450
1451
1451
1451
1475
1475
1511
1451
1451
1451
1451
1470
1470
1470
1474
1474
1488
1450
1450
1450
1450
1451
1451
1451
1469
1469
1473
1452
1452
1472
1449
1449
1449
1452
1452
1471
730
730
730
730
785
785
785
1490
1490
1491
1489
1489
1489
1489
1492
1492
1492
1494
1494
1499
1480
1480
1480
1480
1492
1492
1492
1493
1493
1494
1457
1457
1457
1457
1479
1479
1479
1490
1490
1495
1442
1442
1442
1442
1489
1489
1489
1498
1498
1499
1497
1497
1497
1497
1500
1500
1500
1502
1502
1507
1484
1484
1484
1484
1500
1500
1500
1501
1501
1502
1465
1465
1465
1465
1483
1483
1483
1498
1498
1503
1446
1446
1446
1446
1497
1497
1497
1506
1506
1507
1505
1505
1505
1505
1508
1508
1508
1510
1510
2211
1488
1488
1488
1488
1508
1508
1508
1509
1509
1510
1473
1473
1473
1473
1487
1487
1487
1506
1506
1511
1458
1458
1458
1458
1478
1478
1478
1481
1481
1494
785
785
785
785
1457
1457
1457
1477
1477
1480
766
766
766
766
788
788
788
1477
1477
1496
1478
1478
1478
1478
1479
1479
1479
1495
1495
1499
1479
1479
1479
1479
1490
1490
1490
1494
1494
1516
1478
1478
1478
1478
1479
1479
1479
1489
1489
1493
1443
1443
1443
1443
1456
1456
1456
1480
1480
1492
1455
1455
1455
1455
1477
1477
1477
1480
1480
1491
1466
1466
1466
1466
1482
1482
1482
1485
1485
1502
1465
1465
1465
1465
1481
1481
1481
1484
1484
1489
1478
1478
1478
1478
1481
1481
1481
1492
1492
1504
1482
1482
1482
1482
1483
1483
1483
1503
1503
1507
1483
1483
1483
1483
1498
1498
1498
1502
1502
1520
1482
1482
1482
1482
1483
1483
1483
1497
1497
1501
1447
1447
1447
1447
1464
1464
1464
1484
1484
1500
1463
1463
1463
1463
1481
1481
1481
1484
1484
1499
1474
1474
1474
1474
1486
1486
1486
1510
1510
2197
1473
1473
1473
1473
1485
1485
1485
1488
1488
1497
1482
1482
1482
1482
1485
1485
1485
1500
1500
1512
1486
1486
1486
1486
1487
1487
1487
1511
1511
1547
1487
1487
1487
1487
1506
1506
1506
1510
1510
1524
1486
1486
1486
1486
1487
1487
1487
1505
1505
1509
1451
1451
1451
1451
1472
1472
1472
1488
1488
1508
1471
1471
1471
1471
1485
1485
1485
1488
1488
1507
766
766
766
766
821
821
821
1526
1526
1527
1525
1525
1525
1525
1528
1528
1528
1530
1530
1535
1516
1516
1516
1516
1528
1528
1528
1529
1529
1530
1493
1493
1493
1493
1515
1515
1515
1526
1526
1531
1478
1478
1478
1478
1525
1525
1525
1534
1534
1535
1533
1533
1533
1533
1536
1536
1536
1538
1538
1543
1520
1520
1520
1520
1536
1536
1536
1537
1537
1538
1501
1501
1501
1501
1519
1519
1519
1534
1534
1539
1482
1482
1482
1482
1533
1533
1533
1542
1542
1543
1541
1541
1541
1541
1544
1544
1544
1546
1546
2247
1524
1524
1524
1524
1544
1544
1544
1545
1545
1546
1509
1509
1509
1509
1523
1523
1523
1542
1542
1547
1494
1494
1494
1494
1514
1514
1514
1517
1517
1530
821
821
821
821
1493
1493
1493
1513
1513
1516
802
802
802
802
824
824
824
1513
1513
1532
1514
1514
1514
1514
1515
1515
1515
1531
1531
1535
1515
1515
1515
1515
1526
1526
1526
1530
1530
1552
1514
1514
1514
1514
1515
1515
1515
1525
1525
1529
1479
1479
1479
1479
1492
1492
1492
1516
1516
1528
1491
1491
1491
1491
1513
1513
1513
1516
1516
1527
1502
1502
1502
1502
1518
1518
1518
1521
1521
1538
1501
1501
1501
1501
1517
1517
1517
1520
1520
1525
1514
1514
1514
1514
1517
1517
1517
1528
1528
1540
1518
1518
1518
1518
1519
1519
1519
1539
1539
1543
1519
1519
1519
1519
1534
1534
1534
1538
1538
1556
1518
1518
1518
1518
1519
1519
1519
1533
1533
1537
1483
1483
1483
1483
1500
1500
1500
1520
1520
1536
1499
1499
1499
1499
1517
1517
1517
1520
1520
1535
1510
1510
1510
1510
1522
1522
1522
1546
1546
2233
1509
1509
1509
1509
1521
1521
1521
1524
1524
1533
1518
1518
1518
1518
1521
1521
1521
1536
1536
1548
1522
1522
1522
1522
1523
1523
1523
1547
1547
1583
1523
1523
1523
1523
1542
1542
1542
1546
1546
1560
1522
1522
1522
1522
1523
1523
1523
1541
1541
1545
1487
1487
1487
1487
1508
1508
1508
1524
1524
1544
1507
1507
1507
1507
1521
1521
1521
1524
1524
1543
802
802
802
802
857
857
857
1562
1562
1563
1561
1561
1561
1561
1564
1564
1564
1566
1566
1571
1552
1552
1552
1552
1564
1564
1564
1565
1565
1566
1529
1529
1529
1529
1551
1551
1551
1562
1562
1567
1514
1514
1514
1514
1561
1561
1561
1570
1570
1571
1569
1569
1569
1569
1572
1572
1572
1574
1574
1579
1556
1556
1556
1556
1572
1572
1572
1573
1573
1574
1537
1537
1537
1537
1555
1555
1555
1570
1570
1575
1518
1518
1518
1518
1569
1569
1569
1578
1578
1579
1577
1577
1577
1577
1580
1580
1580
1582
1582
2283
1560
1560
1560
1560
1580
1580
1580
1581
1581
1582
1545
1545
1545
1545
1559
1559
1559
1578
1578
1583
1530
1530
1530
1530
1550
1550
1550
1553
1553
1566
857
857
857
857
1529
1529
1529
1549
1549
1552
838
838
838
838
860
860
860
1549
1549
1568
1550
1550
1550
1550
1551
1551
1551
1567
1567
1571
1551
1551
1551
1551
1562
1562
1562
1566
1566
1588
1550
1550
1550
1550
1551
1551
1551
1561
1561
1565
1515
1515
1515
1515
1528
1528
1528
1552
1552
1564
1527
1527
1527
1527
1549
1549
1549
1552
1552
1563
1538
1538
1538
1538
1554
1554
1554
1557
1557
1574
1537
1537
1537
1537
1553
1553
1553
1556
1556
1561
1550
1550
1550
1550
1553
1553
1553
1564
1564
1576
1554
1554
1554
1554
1555
1555
1555
1575
1575
1579
1555
1555
1555
1555
1570
1570
1570
1574
1574
1592
1554
1554
1554
1554
1555
1555
1555
1569
1569
1573
1519
1519
1519
1519
1536
1536
1536
1556
1556
1572
1535
1535
1535
1535
1553
1553
1553
1556
1556
1571
1546
1546
1546
1546
1558
1558
1558
1582
1582
2269
1545
1545
1545
1545
1557
1557
1557
1560
1560
1569
1554
1554
1554
1554
1557
1557
1557
1572
1572
1584
1558
1558
1558
1558
1559
1559
1559
1583
1583
1619
1559
1559
1559
1559
1578
1578
1578
1582
1582
1596
1558
1558
1558
1558
1559
1559
1559
1577
1577
1581
1523
1523
1523
1523
1544
1544
1544
1560
1560
1580
1543
1543
1543
1543
1557
1557
1557
1560
1560
1579
838
838
838
838
893
893
893
1598
1598
1599
1597
1597
1597
1597
1600
1600
1600
1602
1602
1607
1588
1588
1588
1588
1600
1600
1600
1601
1601
1602
1565
1565
1565
1565
1587
1587
1587
1598
1598
1603
1550
1550
1550
1550
1597
1597
1597
1606
1606
1607
1605
1605
1605
1605
1608
1608
1608
1610
1610
1615
1592
1592
1592
1592
1608
1608
1608
1609
1609
1610
1573
1573
1573
1573
1591
1591
1591
1606
1606
1611
1554
1554
1554
1554
1605
1605
1605
1614
1614
1615
1613
1613
1613
1613
1616
1616
1616
1618
1618
2319
1596
1596
1596
1596
1616
1616
1616
1617
1617
1618
1581
1581
1581
1581
1595
1595
1595
1614
1614
1619
1566
1566
1566
1566
1586
1586
1586
1589
1589
1602
893
893
893
893
1565
1565
1565
1585
1585
1588
874
874
874
874
896
896
896
1585
1585
1604
1586
1586
1586
1586
1587
1587
1587
1603
1603
1607
1587
1587
1587
1587
1598
1598
1598
1602
1602
1624
1586
1586
1586
1586
1587
1587
1587
1597
1597
1601
1551
1551
1551
1551
1564
1564
1564
1588
1588
1600
1563
1563
1563
1563
1585
1585
1585
1588
1588
1599
1574
1574
1574
1574
1590
1590
1590
1593
1593
1610
1573
1573
1573
1573
1589
1589
1589
1592
1592
1597
1586
1586
1586
1586
1589
1589
1589
1600
1600
1612
1590
1590
1590
1590
1591
1591
1591
1611
1611
1615
1591
1591
1591
1591
1606
1606
1606
1610
1610
1628
1590
1590
1590
1590
1591
1591
1591
1605
1605
1609
1555
1555
1555
1555
1572
1572
1572
1592
1592
1608
1571
1571
1571
1571
1589
1589
1589
1592
1592
1607
1582
1582
1582
1582
1594
1594
1594
1618
1618
2305
1581
1581
1581
1581
1593
1593
1593
1596
1596
1605
1590
1590
1590
1590
1593
1593
1593
1608
1608
1620
1594
1594
1594
1594
1595
1595
1595
1619
1619
1655
1595
1595
1595
1595
1614
1614
1614
1618
1618
1632
1594
1594
1594
1594
1595
1595
1595
1613
1613
1617
1559
1559
1559
1559
1580
1580
1580
1596
1596
1616
1579
1579
1579
1579
1593
1593
1593
1596
1596
1615
874
874
874
874
929
929
929
1634
1634
1635
1633
1633
1633
1633
1636
1636
1636
1638
1638
1643
1624
1624
1624
1624
1636
1636
1636
1637
1637
1638
1601
1601
1601
1601
1623
1623
1623
1634
1634
1639
1586
1586
1586
1586
1633
1633
1633
1642
1642
1643
1641
1641
1641
1641
1644
1644
1644
1646
1646
1651
1628
1628
1628
1628
1644
1644
1644
1645
1645
1646
1609
1609
1609
1609
1627
1627
1627
1642
1642
1647
1590
1590
1590
1590
1641
1641
1641
1650
1650
1651
1649
1649
1649
1649
1652
1652
1652
1654
1654
2355
1632
1632
1632
1632
1652
1652
1652
1653
1653
1654
1617
1617
1617
1617
1631
1631
1631
1650
1650
1655
1602
1602
1602
1602
1622
1622
1622
1625
1625
1638
929
929
929
929
1601
1601
1601
1621
1621
1624
910
910
910
910
932
932
932
1621
1621
1640
1622
1622
1622
1622
1623
1623
1623
1639
1639
1643
1623
1623
1623
1623
1634
1634
1634
1638
1638
1660
1622
1622
1622
1622
1623
1623
1623
1633
1633
1637
1587
1587
1587
1587
1600
1600
1600
1624
1624
1636
1599
1599
1599
1599
1621
1621
1621
1624
1624
1635
1610
1610
1610
1610
1626
1626
1626
1629
1629
1646
1609
1609
1609
1609
1625
1625
1625
1628
1628
1633
1622
1622
1622
1622
1625
1625
1625
1636
1636
1648
1626
1626
1626
1626
1627
1627
1627
1647
1647
1651
1627
1627
1627
1627
1642
1642
1642
1646
1646
1664
1626
1626
1626
1626
1627
1627
1627
1641
1641
1645
1591
1591
1591
1591
1608
1608
1608
1628
1628
1644
1607
1607
1607
1607
1625
1625
1625
1628
1628
1643
1618
1618
1618
1618
1630
1630
1630
1654
1654
2341
1617
1617
1617
1617
1629
1629
1629
1632
1632
1641
1626
1626
1626
1626
1629
1629
1629
1644
1644
1656
1630
1630
1630
1630
1631
1631
1631
1655
1655
1691
1631
1631
1631
1631
1650
1650
1650
1654
1654
1668
1630
1630
1630
1630
1631
1631
1631
1649
1649
1653
1595
1595
1595
1595
1616
1616
1616
1632
1632
1652
1615
1615
1615
1615
1629
1629
1629
1632
1632
1651
910
910
910
910
965
965
965
1670
1670
1671
1669
1669
1669
1669
1672
1672
1672
1674
1674
1679
1660
1660
1660
1660
1672
1672
1672
1673
1673
1674
1637
1637
1637
1637
1659
1659
1659
1670
1670
1675
1622
1622
1622
1622
1669
1669
1669
1678
1678
1679
1677
1677
1677
1677
1680
1680
1680
1682
1682
1687
1664
1664
1664
1664
1680
1680
1680
1681
1681
1682
1645
1645
1645
1645
1663
1663
1663
1678
1678
1683
1626
1626
1626
1626
1677
1677
1677
1686
1686
1687
1685
1685
1685
1685
1688
1688
1688
1690
1690
2391
1668
1668
1668
1668
1688
1688
1688
1689
1689
1690
1653
1653
1653
1653
1667
1667
1667
1686
1686
1691
1638
1638
1638
1638
1658
1658
1658
1661
1661
1674
965
965
965
965
1637
1637
1637
1657
1657
1660
946
946
946
946
968
968
968
1657
1657
1676
1658
1658
1658
1658
1659
1659
1659
1675
1675
1679
1659
1659
1659
1659
1670
1670
1670
1674
1674
1696
1658
1658
1658
1658
1659
1659
1659
1669
1669
1673
1623
1623
1623
1623
1636
1636
1636
1660
1660
1672
1635
1635
1635
1635
1657
1657
1657
1660
1660
1671
1646
1646
1646
1646
1662
1662
1662
1665
1665
1682
1645
1645
1645
1645
1661
1661
1661
1664
1664
1669
1658
1658
1658
1658
1661
1661
1661
1672
1672
1684
1662
1662
1662
1662
1663
1663
1663
1683
1683
1687
1663
1663
1663
1663
1678
1678
1678
1682
1682
1700
1662
1662
1662
1662
1663
1663
1663
1677
1677
1681
1627
1627
1627
1627
1644
1644
1644
1664
1664
1680
1643
1643
1643
1643
1661
1661
1661
1664
1664
1679
1654
1654
1654
1654
1666
1666
1666
1690
1690
2377
1653
1653
1653
1653
1665
1665
1665
1668
1668
1677
1662
1662
1662
1662
1665
1665
1665
1680
1680
1692
1666
1666
1666
1666
1667
1667
1667
1691
1691
1727
1667
1667
1667
1667
1686
1686
1686
1690
1690
1704
1666
1666
1666
1666
1667
1667
1667
1685
1685
1689
1631
1631
1631
1631
1652
1652
1652
1668
1668
1688
1651
1651
1651
1651
1665
1665
1665
1668
1668
1687
946
946
946
946
1001
1001
1001
1706
1706
1707
1705
1705
1705
1705
1708
1708
1708
1710
1710
1715
1696
1696
1696
1696
1708
1708
1708
1709
1709
1710
1673
1673
1673
1673
1695
1695
1695
1706
1706
1711
1658
1658
1658
1658
1705
1705
1705
1714
1714
1715
1713
1713
1713
1713
1716
1716
1716
1718
1718
1723
1700
1700
1700
1700
1716
1716
1716
1717
1717
1718
1681
1681
1681
1681
1699
1699
1699
1714
1714
1719
1662
1662
1662
1662
1713
1713
1713
1722
1722
1723
1721
1721
1721
1721
1724
1724
1724
1726
1726
2427
1704
1704
1704
1704
1724
1724
1724
1725
1725
1726
1689
1689
1689
1689
1703
1703
1703
1722
1722
1727
1674
1674
1674
1674
1694
1694
1694
1697
1697
1710
1001
1001
1001
1001
1673
1673
1673
1693
1693
1696
982
982
982
982
1004
1004
1004
1693
1693
1712
1694
1694
1694
1694
1695
1695
1695
1711
1711
1715
1695
1695
1695
1695
1706
1706
1706
1710
1710
1732
1694
1694
1694
1694
1695
1695
1695
1705
1705
1709
1659
1659
1659
1659
1672
1672
1672
1696
1696
1708
1671
1671
1671
1671
1693
1693
1693
1696
1696
1707
1682
1682
1682
1682
1698
1698
1698
1701
1701
1718
1681
1681
1681
1681
1697
1697
1697
1700
1700
1705
1694
1694
1694
1694
1697
1697
1697
1708
1708
1720
1698
1698
1698
1698
1699
1699
1699
1719
1719
1723
1699
1699
1699
1699
1714
1714
1714
1718
1718
1736
1698
1698
1698
1698
1699
1699
1699
1713
1713
1717
1663
1663
1663
1663
1680
1680
1680
1700
1700
1716
1679
1679
1679
1679
1697
1697
1697
1700
1700
1715
1690
1690
1690
1690
1702
1702
1702
1726
1726
2413
1689
1689
1689
1689
1701
1701
1701
1704
1704
1713
1698
1698
1698
1698
1701
1701
1701
1716
1716
1728
1702
1702
1702
1702
1703
1703
1703
1727
1727
1763
1703
1703
1703
1703
1722
1722
1722
1726
1726
1740
1702
1702
1702
1702
1703
1703
1703
1721
1721
1725
1667
1667
1667
1667
1688
1688
1688
1704
1704
1724
1687
1687
1687
1687
1701
1701
1701
1704
1704
1723
982
982
982
982
1037
1037
1037
1742
1742
1743
1741
1741
1741
1741
1744
1744
1744
1746
1746
1751
1732
1732
1732
1732
1744
1744
1744
1745
1745
1746
1709
1709
1709
1709
1731
1731
1731
1742
1742
1747
1694
1694
1694
1694
1741
1741
1741
1750
1750
1751
1749
1749
1749
1749
1752
1752
1752
1754
1754
1759
1736
1736
1736
1736
1752
1752
1752
1753
1753
1754
1717
1717
1717
1717
1735
1735
1735
1750
1750
1755
1698
1698
1698
1698
1749
1749
1749
1758
1758
1759
1757
1757
1757
1757
1760
1760
1760
1762
1762
2463
1740
1740
1740
1740
1760
1760
1760
1761
1761
1762
1725
1725
1725
1725
1739
1739
1739
1758
1758
1763
1710
1710
1710
1710
1730
1730
1730
1733
1733
1746
1037
1037
1037
1037
1709
1709
1709
1729
1729
1732
1018
1018
1018
1018
1040
1040
1040
1729
1729
1748
1730
1730
1730
1730
1731
1731
1731
1747
1747
1751
1731
1731
1731
1731
1742
1742
1742
1746
1746
1768
1730
1730
1730
1730
1731
1731
1731
1741
1741
1745
1695
1695
1695
1695
1708
1708
1708
1732
1732
1744
1707
1707
1707
1707
1729
1729
1729
1732
1732
1743
1718
1718
1718
1718
1734
1734
1734
1737
1737
1754
1717
1717
1717
1717
1733
1733
1733
1736
1736
1741
1730
1730
1730
1730
1733
1733
1733
1744
1744
1756
1734
1734
1734
1734
1735
1735
1735
1755
1755
1759
1735
1735
1735
1735
1750
1750
1750
1754
1754
1772
1734
1734
1734
1734
1735
1735
1735
1749
1749
1753
1699
1699
1699
1699
1716
1716
1716
1736
1736
1752
1715
1715
1715
1715
1733
1733
1733
1736
1736
1751
1726
1726
1726
1726
1738
1738
1738
1762
1762
2449
1725
1725
1725
1725
1737
1737
1737
1740
1740
1749
1734
1734
1734
1734
1737
1737
1737
1752
1752
1764
1738
1738
1738
1738
1739
1739
1739
1763
1763
1799
1739
1739
1739
1739
1758
1758
1758
1762
1762
1776
1738
1738
1738
1738
1739
1739
1739
1757
1757
1761
1703
1703
1703
1703
1724
1724
1724
1740
1740
1760
1723
1723
1723
1723
1737
1737
1737
1740
1740
1759
1018
1018
1018
1018
1073
1073
1073
1778
1778
1779
1777
1777
1777
1777
1780
1780
1780
1782
1782
1787
1768
1768
1768
1768
1780
1780
1780
1781
1781
1782
1745
1745
1745
1745
1767
1767
1767
1778
1778
1783
1730
1730
1730
1730
1777
1777
1777
1786
1786
1787
1785
1785
1785
1785
1788
1788
1788
1790
1790
1795
1772
1772
1772
1772
1788
1788
1788
1789
1789
1790
1753
1753
1753
1753
1771
1771
1771
1786
1786
1791
1734
1734
1734
1734
1785
1785
1785
1794
1794
1795
1793
1793
1793
1793
1796
1796
1796
1798
1798
2499
1776
1776
1776
1776
1796
1796
1796
1797
1797
1798
1761
1761
1761
1761
1775
1775
1775
1794
1794
1799
1746
1746
1746
1746
1766
1766
1766
1769
1769
1782
1073
1073
1073
1073
1745
1745
1745
1765
1765
1768
1054
1054
1054
1054
1076
1076
1076
1765
1765
1784
1766
1766
1766
1766
1767
1767
1767
1783
1783
1787
1767
1767
1767
1767
1778
1778
1778
1782
1782
1804
1766
1766
1766
1766
1767
1767
1767
1777
1777
1781
1731
1731
1731
1731
1744
1744
1744
1768
1768
1780
1743
1743
1743
1743
1765
1765
1765
1768
1768
1779
1754
1754
1754
1754
1770
1770
1770
1773
1773
1790
1753
1753
1753
1753
1769
1769
1769
1772
1772
1777
1766
1766
1766
1766
1769
1769
1769
1780
1780
1792
1770
1770
1770
1770
1771
1771
1771
1791
1791
1795
1771
1771
1771
1771
1786
1786
1786
1790
1790
1808
1770
1770
1770
1770
1771
1771
1771
1785
1785
1789
1735
1735
1735
1735
1752
1752
1752
1772
1772
1788
1751
1751
1751
1751
1769
1769
1769
1772
1772
1787
1762
1762
1762
1762
1774
1774
1774
1798
1798
2485
1761
1761
1761
1761
1773
1773
1773
1776
1776
1785
1770
1770
1770
1770
1773
1773
1773
1788
1788
1800
1774
1774
1774
1774
1775
1775
1775
1799
1799
1835
1775
1775
1775
1775
1794
1794
1794
1798
1798
1812
1774
1774
1774
1774
1775
1775
1775
1793
1793
1797
1739
1739
1739
1739
1760
1760
1760
1776
1776
1796
1759
1759
1759
1759
1773
1773
1773
1776
1776
1795
1054
1054
1054
1054
1109
1109
1109
1814
1814
1815
1813
1813
1813
1813
1816
1816
1816
1818
1818
1823
1804
1804
1804
1804
1816
1816
1816
1817
1817
1818
1781
1781
1781
1781
1803
1803
1803
1814
1814
1819
1766
1766
1766
1766
1813
1813
1813
1822
1822
1823
1821
1821
1821
1821
1824
1824
1824
1826
1826
1831
1808
1808
1808
1808
1824
1824
1824
1825
1825
1826
1789
1789
1789
1789
1807
1807
1807
1822
1822
1827
1770
1770
1770
1770
1821
1821
1821
1830
1830
1831
1829
1829
1829
1829
1832
1832
1832
1834
1834
2535
1812
1812
1812
1812
1832
1832
1832
1833
1833
1834
1797
1797
1797
1797
1811
1811
1811
1830
1830
1835
1782
1782
1782
1782
1802
1802
1802
1805
1805
1818
1109
1109
1109
1109
1781
1781
1781
1801
1801
1804
1090
1090
1090
1090
1112
1112
1112
1801
1801
1820
1802
1802
1802
1802
1803
1803
1803
1819
1819
1823
1803
1803
1803
1803
1814
1814
1814
1818
1818
1840
1802
1802
1802
1802
1803
1803
1803
1813
1813
1817
1767
1767
1767
1767
1780
1780
1780
1804
1804
1816
1779
1779
1779
1779
1801
1801
1801
1804
1804
1815
1790
1790
1790
1790
1806
1806
1806
1809
1809
1826
1789
1789
1789
1789
1805
1805
1805
1808
1808
1813
1802
1802
1802
1802
1805
1805
1805
1816
1816
1828
1806
1806
1806
1806
1807
1807
1807
1827
1827
1831
1807
1807
1807
1807
1822
1822
1822
1826
1826
1844
1806
1806
1806
1806
1807
1807
1807
1821
1821
1825
1771
1771
1771
1771
1788
1788
1788
1808
1808
1824
1787
1787
1787
1787
1805
1805
1805
1808
1808
1823
1798
1798
1798
1798
1810
1810
1810
1834
1834
2521
1797
1797
1797
1797
1809
1809
1809
1812
1812
1821
1806
1806
1806
1806
1809
1809
1809
1824
1824
1836
1810
1810
1810
1810
1811
1811
1811
1835
1835
1871
1811
1811
1811
1811
1830
1830
1830
1834
1834
1848
1810
1810
1810
1810
1811
1811
1811
1829
1829
1833
1775
1775
1775
1775
1796
1796
1796
1812
1812
1832
1795
1795
1795
1795
1809
1809
1809
1812
1812
1831
1090
1090
1090
1090
1145
1145
1145
1850
1850
1851
1849
1849
1849
1849
1852
1852
1852
1854
1854
1859
1840
1840
1840
1840
1852
1852
1852
1853
1853
1854
1817
1817
1817
1817
1839
1839
1839
1850
1850
1855
1802
1802
1802
1802
1849
1849
1849
1858
1858
1859
1857
1857
1857
1857
1860
1860
1860
1862
1862
1867
1844
1844
1844
1844
1860
1860
1860
1861
1861
1862
1825
1825
1825
1825
1843
1843
1843
1858
1858
1863
1806
1806
1806
1806
1857
1857
1857
1866
1866
1867
1865
1865
1865
1865
1868
1868
1868
1870
1870
2571
1848
1848
1848
1848
1868
1868
1868
1869
1869
1870
1833
1833
1833
1833
1847
1847
1847
1866
1866
1871
1818
1818
1818
1818
1838
1838
1838
1841
1841
1854
1145
1145
1145
1145
1817
1817
1817
1837
1837
1840
1126
1126
1126
1126
1148
1148
1148
1837
1837
1856
1838
1838
1838
1838
1839
1839
1839
1855
1855
1859
1839
1839
1839
1839
1850
1850
1850
1854
1854
1876
1838
1838
1838
1838
1839
1839
1839
1849
1849
1853
1803
1803
1803
1803
1816
1816
1816
1840
1840
1852
1815
1815
1815
1815
1837
1837
1837
1840
1840
1851
1826
1826
1826
1826
1842
1842
1842
1845
1845
1862
1825
1825
1825
1825
1841
1841
1841
1844
1844
1849
1838
1838
1838
1838
1841
1841
1841
1852
1852
1864
1842
1842
1842
1842
1843
1843
1843
1863
1863
1867
1843
1843
1843
1843
1858
1858
1858
1862
1862
1880
1842
1842
1842
1842
1843
1843
1843
1857
1857
1861
1807
1807
1807
1807
1824
1824
1824
1844
1844
1860
1823
1823
1823
1823
1841
1841
1841
1844
1844
1859
1834
1834
1834
1834
1846
1846
1846
1870
1870
2557
1833
1833
1833
1833
1845
1845
1845
1848
1848
1857
1842
1842
1842
1842
1845
1845
1845
1860
1860
1872
1846
1846
1846
1846
1847
1847
1847
1871
1871
1907
1847
1847
1847
1847
1866
1866
1866
1870
1870
1884
1846
1846
1846
1846
1847
1847
1847
1865
1865
1869
1811
1811
1811
1811
1832
1832
1832
1848
1848
1868
1831
1831
1831
1831
1845
1845
1845
1848
1848
1867
1126
1126
1126
1126
1181
1181
1181
1886
1886
1887
1885
1885
1885
1885
1888
1888
1888
1890
1890
1895
1876
1876
1876
1876
1888
1888
1888
1889
1889
1890
1853
1853
1853
1853
1875
1875
1875
1886
1886
1891
1838
1838
1838
1838
1885
1885
1885
1894
1894
1895
1893
1893
1893
1893
1896
1896
1896
1898
1898
1903
1880
1880
1880
1880
1896
1896
1896
1897
1897
1898
1861
1861
1861
1861
1879
1879
1879
1894
1894
1899
1842
1842
1842
1842
1893
1893
1893
1902
1902
1903
1901
1901
1901
1901
1904
1904
1904
1906
1906
2607
1884
1884
1884
1884
1904
1904
1904
1905
1905
1906
1869
1869
1869
1869
1883
1883
1883
1902
1902
1907
1854
1854
1854
1854
1874
1874
1874
1877
1877
1890
1181
1181
1181
1181
1853
1853
1853
1873
1873
1876
1162
1162
1162
1162
1184
1184
1184
1873
1873
1892
1874
1874
1874
1874
1875
1875
1875
1891
1891
1895
1875
1875
1875
1875
1886
1886
1886
1890
1890
1912
1874
1874
1874
1874
1875
1875
1875
1885
1885
1889
1839
1839
1839
1839
1852
1852
1852
1876
1876
1888
1851
1851
1851
1851
1873
1873
1873
1876
1876
1887
1862
1862
1862
1862
1878
1878
1878
1881
1881
1898
1861
1861
1861
1861
1877
1877
1877
1880
1880
1885
1874
1874
1874
1874
1877
1877
1877
1888
1888
1900
1878
1878
1878
1878
1879
1879
1879
1899
1899
1903
1879
1879
1879
1879
1894
1894
1894
1898
1898
1916
1878
1878
1878
1878
1879
1879
1879
1893
1893
1897
1843
1843
1843
1843
1860
1860
1860
1880
1880
1896
1859
1859
1859
1859
1877
1877
1877
1880
1880
1895
1870
1870
1870
1870
1882
1882
1882
1906
1906
2593
1869
1869
1869
1869
1881
1881
1881
1884
1884
1893
1878
1878
1878
1878
1881
1881
1881
1896
1896
1908
1882
1882
1882
1882
1883
1883
1883
1907
1907
1943
1883
1883
1883
1883
1902
1902
1902
1906
1906
1920
1882
1882
1882
1882
1883
1883
1883
1901
1901
1905
1847
1847
1847
1847
1868
1868
1868
1884
1884
1904
1867
1867
1867
1867
1881
1881
1881
1884
1884
1903
1162
1162
1162
1162
1217
1217
1217
1922
1922
1923
1921
1921
1921
1921
1924
1924
1924
1926
1926
1931
1912
1912
1912
1912
1924
1924
1924
1925
1925
1926
1889
1889
1889
1889
1911
1911
1911
1922
1922
1927
1874
1874
1874
1874
1921
1921
1921
1930
1930
1931
1929
1929
1929
1929
1932
1932
1932
1934
1934
1939
1916
1916
1916
1916
1932
1932
1932
1933
1933
1934
1897
1897
1897
1897
1915
1915
1915
1930
1930
1935
1878
1878
1878
1878
1929
1929
1929
1938
1938
1939
1937
1937
1937
1937
1940
1940
1940
1942
1942
2643
1920
1920
1920
1920
1940
1940
1940
1941
1941
1942
1905
1905
1905
1905
1919
1919
1919
1938
1938
1943
1890
1890
1890
1890
1910
1910
1910
1913
1913
1926
1217
1217
1217
1217
1889
1889
1889
1909
1909
1912
1198
1198
1198
1198
1220
1220
1220
1909
1909
1928
1910
1910
1910
1910
1911
1911
1911
1927
1927
1931
1911
1911
1911
1911
1922
1922
1922
1926
1926
1948
1910
1910
1910
1910
1911
1911
1911
1921
1921
1925
1875
1875
1875
1875
1888
1888
1888
1912
1912
1924
1887
1887
1887
1887
1909
1909
1909
1912
1912
1923
1898
1898
1898
1898
1914
1914
1914
1917
1917
1934
1897
1897
1897
1897
1913
1913
1913
1916
1916
1921
1910
1910
1910
1910
1913
1913
1913
1924
1924
1936
1914
1914
1914
1914
1915
1915
1915
1935
1935
1939
1915
1915
1915
1915
1930
1930
1930
1934
1934
1952
1914
1914
1914
1914
1915
1915
1915
1929
1929
1933
1879
1879
1879
1879
1896
1896
1896
1916
1916
1932
1895
1895
1895
1895
1913
1913
1913
1916
1916
1931
1906
1906
1906
1906
1918
1918
1918
1942
1942
2629
1905
1905
1905
1905
1917
1917
1917
1920
1920
1929
1914
1914
1914
1914
1917
1917
1917
1932
1932
1944
1918
1918
1918
1918
1919
1919
1919
1943
1943
1979
1919
1919
1919
1919
1938
1938
1938
1942
1942
1956
1918
1918
1918
1918
1919
1919
1919
1937
1937
1941
1883
1883
1883
1883
1904
1904
1904
1920
1920
1940
1903
1903
1903
1903
1917
1917
1917
1920
1920
1939
1198
1198
1198
1198
1253
1253
1253
1958
1958
1959
1957
1957
1957
1957
1960
1960
1960
1962
1962
1967
1948
1948
1948
1948
1960
1960
1960
1961
1961
1962
1925
1925
1925
1925
1947
1947
1947
1958
1958
1963
1910
1910
1910
1910
1957
1957
1957
1966
1966
1967
1965
1965
1965
1965
1968
1968
1968
1970
1970
1975
1952
1952
1952
1952
1968
1968
1968
1969
1969
1970
1933
1933
1933
1933
1951
1951
1951
1966
1966
1971
1914
1914
1914
1914
1965
1965
1965
1974
1974
1975
1973
1973
1973
1973
1976
1976
1976
1978
1978
2679
1956
1956
1956
1956
1976
1976
1976
1977
1977
1978
1941
1941
1941
1941
1955
1955
1955
1974
1974
1979
1926
1926
1926
1926
1946
1946
1946
1949
1949
1962
1253
1253
1253
1253
1925
1925
1925
1945
1945
1948
1234
1234
1234
1234
1256
1256
1256
1945
1945
1964
1946
1946
1946
1946
1947
1947
1947
1963
1963
1967
1947
1947
1947
1947
1958
1958
1958
1962
1962
1984
1946
1946
1946
1946
1947
1947
1947
1957
1957
1961
1911
1911
1911
1911
1924
1924
1924
1948
1948
1960
1923
1923
1923
1923
1945
1945
1945
1948
1948
1959
1934
1934
1934
1934
1950
1950
1950
1953
1953
1970
1933
1933
1933
1933
1949
1949
1949
1952
1952
1957
1946
1946
1946
1946
1949
1949
1949
1960
1960
1972
1950
1950
1950
1950
1951
1951
1951
1971
1971
1975
1951
1951
1951
1951
1966
1966
1966
1970
1970
1988
1950
1950
1950
1950
1951
1951
1951
1965
1965
1969
1915
1915
1915
1915
1932
1932
1932
1952
1952
1968
1931
1931
1931
1931
1949
1949
1949
1952
1952
1967
1942
1942
1942
1942
1954
1954
1954
1978
1978
2665
1941
1941
1941
1941
1953
1953
1953
1956
1956
1965
1950
1950
1950
1950
1953
1953
1953
1968
1968
1980
1954
1954
1954
1954
1955
1955
1955
1979
1979
2015
1955
1955
1955
1955
1974
1974
1974
1978
1978
1992
1954
1954
1954
1954
1955
1955
1955
1973
1973
1977
1919
1919
1919
1919
1940
1940
1940
1956
1956
1976
1939
1939
1939
1939
1953
1953
1953
1956
1956
1975
1234
1234
1234
1234
1289
1289
1289
1994
1994
1995
1993
1993
1993
1993
1996
1996
1996
1998
1998
2003
1984
1984
1984
1984
1996
1996
1996
1997
1997
1998
1961
1961
1961
1961
1983
1983
1983
1994
1994
1999
1946
1946
1946
1946
1993
1993
1993
2002
2002
2003
2001
2001
2001
2001
2004
2004
2004
2006
2006
2011
1988
1988
1988
1988
2004
2004
2004
2005
2005
2006
1969
1969
1969
1969
1987
1987
1987
2002
2002
2007
1950
1950
1950
1950
2001
2001
2001
2010
2010
2011
2009
2009
2009
2009
2012
2012
2012
2014
2014
2715
1992
1992
1992
1992
2012
2012
2012
2013
2013
2014
1977
1977
1977
1977
1991
1991
1991
2010
2010
2015
1962
1962
1962
1962
1982
1982
1982
1985
1985
1998
1289
1289
1289
1289
1961
1961
1961
1981
1981
1984
1270
1270
1270
1270
1292
1292
1292
1981
1981
2000
1982
1982
1982
1982
1983
1983
1983
1999
1999
2003
1983
1983
1983
1983
1994
1994
1994
1998
1998
2020
1982
1982
1982
1982
1983
1983
1983
1993
1993
1997
1947
1947
1947
1947
1960
1960
1960
1984
1984
1996
1959
1959
1959
1959
1981
1981
1981
1984
1984
1995
1970
1970
1970
1970
1986
1986
1986
1989
1989
2006
1969
1969
1969
1969
1985
1985
1985
1988
1988
1993
1982
1982
1982
1982
1985
1985
1985
1996
1996
2008
1986
1986
1986
1986
1987
1987
1987
2007
2007
2011
1987
1987
1987
1987
2002
2002
2002
2006
2006
2024
1986
1986
1986
1986
1987
1987
1987
2001
2001
2005
1951
1951
1951
1951
1968
1968
1968
1988
1988
2004
1967
1967
1967
1967
1985
1985
1985
1988
1988
2003
1978
1978
1978
1978
1990
1990
1990
2014
2014
2701
1977
1977
1977
1977
1989
1989
1989
1992
1992
2001
1986
1986
1986
1986
1989
1989
1989
2004
2004
2016
1990
1990
1990
1990
1991
1991
1991
2015
2015
2051
1991
1991
1991
1991
2010
2010
2010
2014
2014
2028
1990
1990
1990
1990
1991
1991
1991
2009
2009
2013
1955
1955
1955
1955
1976
1976
1976
1992
1992
2012
1975
1975
1975
1975
1989
1989
1989
1992
1992
2011
1270
1270
1270
1270
1325
1325
1325
2030
2030
2031
2029
2029
2029
2029
2032
2032
2032
2034
2034
2039
2020
2020
2020
2020
2032
2032
2032
2033
2033
2034
1997
1997
1997
1997
2019
2019
2019
2030
2030
2035
1982
1982
1982
1982
2029
2029
2029
2038
2038
2039
2037
2037
2037
2037
2040
2040
2040
2042
2042
2047
2024
2024
2024
2024
2040
2040
2040
2041
2041
2042
2005
2005
2005
2005
2023
2023
2023
2038
2038
2043
1986
1986
1986
1986
2037
2037
2037
2046
2046
2047
2045
2045
2045
2045
2048
2048
2048
2050
2050
2751
2028
2028
2028
2028
2048
2048
2048
2049
2049
2050
2013
2013
2013
2013
2027
2027
2027
2046
2046
2051
1998
1998
1998
1998
2018
2018
2018
2021
2021
2034
1325
1325
1325
1325
1997
1997
1997
2017
2017
2020
1306
1306
1306
1306
1328
1328
1328
2017
2017
2036
2018
2018
2018
2018
2019
2019
2019
2035
2035
2039
2019
2019
2019
2019
2030
2030
2030
2034
2034
2056
2018
2018
2018
2018
2019
2019
2019
2029
2029
2033
1983
1983
1983
1983
1996
1996
1996
2020
2020
2032
1995
1995
1995
1995
2017
2017
2017
2020
2020
2031
2006
2006
2006
2006
2022
2022
2022
2025
2025
2042
2005
2005
2005
2005
2021
2021
2021
2024
2024
2029
2018
2018
2018
2018
2021
2021
2021
2032
2032
2044
2022
2022
2022
2022
2023
2023
2023
2043
2043
2047
2023
2023
2023
2023
2038
2038
2038
2042
2042
2060
2022
2022
2022
2022
2023
2023
2023
2037
2037
2041
1987
1987
1987
1987
2004
2004
2004
2024
2024
2040
2003
2003
2003
2003
2021
2021
2021
2024
2024
2039
2014
2014
2014
2014
2026
2026
2026
2050
2050
2737
2013
2013
2013
2013
2025
2025
2025
2028
2028
2037
2022
2022
2022
2022
2025
2025
2025
2040
2040
2052
2026
2026
2026
2026
2027
2027
2027
2051
2051
2087
2027
2027
2027
2027
2046
2046
2046
2050
2050
2064
2026
2026
2026
2026
2027
2027
2027
2045
2045
2049
1991
1991
1991
1991
2012
2012
2012
2028
2028
2048
2011
2011
2011
2011
2025
2025
2025
2028
2028
2047
1306
1306
1306
1306
1361
1361
1361
2066
2066
2067
2065
2065
2065
2065
2068
2068
2068
2070
2070
2075
2056
2056
2056
2056
2068
2068
2068
2069
2069
2070
2033
2033
2033
2033
2055
2055
2055
2066
2066
2071
2018
2018
2018
2018
2065
2065
2065
2074
2074
2075
2073
2073
2073
2073
2076
2076
2076
2078
2078
2083
2060
2060
2060
2060
2076
2076
2076
2077
2077
2078
2041
2041
2041
2041
2059
2059
2059
2074
2074
2079
2022
2022
2022
2022
2073
2073
2073
2082
2082
2083
2081
2081
2081
2081
2084
2084
2084
2086
2086
2787
2064
2064
2064
2064
2084
2084
2084
2085
2085
2086
2049
2049
2049
2049
2063
2063
2063
2082
2082
2087
2034
2034
2034
2034
2054
2054
2054
2057
2057
2070
1361
1361
1361
1361
2033
2033
2033
2053
2053
2056
1342
1342
1342
1342
1364
1364
1364
2053
2053
2072
2054
2054
2054
2054
2055
2055
2055
2071
2071
2075
2055
2055
2055
2055
2066
2066
2066
2070
2070
2092
2054
2054
2054
2054
2055
2055
2055
2065
2065
2069
2019
2019
2019
2019
2032
2032
2032
2056
2056
2068
2031
2031
2031
2031
2053
2053
2053
2056
2056
2067
2042
2042
2042
2042
2058
2058
2058
2061
2061
2078
2041
2041
2041
2041
2057
2057
2057
2060
2060
2065
2054
2054
2054
2054
2057
2057
2057
2068
2068
2080
2058
2058
2058
2058
2059
2059
2059
2079
2079
2083
2059
2059
2059
2059
2074
2074
2074
2078
2078
2096
2058
2058
2058
2058
2059
2059
2059
2073
2073
2077
2023
2023
2023
2023
2040
2040
2040
2060
2060
2076
2039
2039
2039
2039
2057
2057
2057
2060
2060
2075
2050
2050
2050
2050
2062
2062
2062
2086
2086
2773
2049
2049
2049
2049
2061
2061
2061
2064
2064
2073
2058
2058
2058
2058
2061
2061
2061
2076
2076
2088
2062
2062
2062
2062
2063
2063
2063
2087
2087
2123
2063
2063
2063
2063
2082
2082
2082
2086
2086
2100
2062
2062
2062
2062
2063
2063
2063
2081
2081
2085
2027
2027
2027
2027
2048
2048
2048
2064
2064
2084
2047
2047
2047
2047
2061
2061
2061
2064
2064
2083
1342
1342
1342
1342
1397
1397
1397
2102
2102
2103
2101
2101
2101
2101
2104
2104
2104
2106
2106
2111
2092
2092
2092
2092
2104
2104
2104
2105
2105
2106
2069
2069
2069
2069
2091
2091
2091
2102
2102
2107
2054
2054
2054
2054
2101
2101
2101
2110
2110
2111
2109
2109
2109
2109
2112
2112
2112
2114
2114
2119
2096
2096
2096
2096
2112
2112
2112
2113
2113
2114
2077
2077
2077
2077
2095
2095
2095
2110
2110
2115
2058
2058
2058
2058
2109
2109
2109
2118
2118
2119
2117
2117
2117
2117
2120
2120
2120
2122
2122
2823
2100
2100
2100
2100
2120
2120
2120
2121
2121
2122
2085
2085
2085
2085
2099
2099
2099
2118
2118
2123
2070
2070
2070
2070
2090
2090
2090
2093
2093
2106
1397
1397
1397
1397
2069
2069
2069
2089
2089
2092
1378
1378
1378
1378
1400
1400
1400
2089
2089
2108
2090
2090
2090
2090
2091
2091
2091
2107
2107
2111
2091
2091
2091
2091
2102
2102
2102
2106
2106
2128
2090
2090
2090
2090
2091
2091
2091
2101
2101
2105
2055
2055
2055
2055
2068
2068
2068
2092
2092
2104
2067
2067
2067
2067
2089
2089
2089
2092
2092
2103
2078
2078
2078
2078
2094
2094
2094
2097
2097
2114
2077
2077
2077
2077
2093
2093
2093
2096
2096
2101
2090
2090
2090
2090
2093
2093
2093
2104
2104
2116
2094
2094
2094
2094
2095
2095
2095
2115
2115
2119
2095
2095
2095
2095
2110
2110
2110
2114
2114
2132
2094
2094
2094
2094
2095
2095
2095
2109
2109
2113
2059
2059
2059
2059
2076
2076
2076
2096
2096
2112
2075
2075
2075
2075
2093
2093
2093
2096
2096
2111
2086
2086
2086
2086
2098
2098
2098
2122
2122
2809
2085
2085
2085
2085
2097
2097
2097
2100
2100
2109
2094
2094
2094
2094
2097
2097
2097
2112
2112
2124
2098
2098
2098
2098
2099
2099
2099
2123
2123
2159
2099
2099
2099
2099
2118
2118
2118
2122
2122
2136
2098
2098
2098
2098
2099
2099
2099
2117
2117
2121
2063
2063
2063
2063
2084
2084
2084
2100
2100
2120
2083
2083
2083
2083
2097
2097
2097
2100
2100
2119
1378
1378
1378
1378
1433
1433
1433
2138
2138
2139
2137
2137
2137
2140
2140
2142
2128
2128
2128
2140
2140
2141
2105
2105
2105
2105
2127
2127
2127
2138
2138
2143
2090
2090
2090
2090
2137
2137
2137
2146
2146
2147
2145
2145
2145
2148
2148
2150
2132
2132
2132
2148
2148
2149
2113
2113
2113
2113
2131
2131
2131
2146
2146
2151
2094
2094
2094
2094
2145
2145
2145
2154
2154
2155
2153
2153
2153
2156
2156
2158
2136
2136
2136
2156
2156
2157
2121
2121
2121
2121
2135
2135
2135
2154
2154
2159
2106
2106
2106
2106
2126
2126
2126
2129
2129
2142
1433
1433
1433
1433
2105
2105
2105
2125
2125
2128
1414
1414
1414
1436
1436
2125
2126
2126
2126
2127
2127
2143
2127
2127
2138
2126
2126
2126
2127
2127
2137
2091
2091
2091
2091
2104
2104
2104
2128
2128
2140
2103
2103
2103
2103
2125
2125
2125
2128
2128
2139
2114
2114
2114
2114
2130
2130
2130
2133
2133
2150
2113
2113
2113
2113
2129
2129
2129
2132
2132
2137
2126
2126
2126
2129
2129
2140
2130
2130
2130
2131
2131
2151
2131
2131
2146
2130
2130
2130
2131
2131
2145
2095
2095
2095
2095
2112
2112
2112
2132
2132
2148
2111
2111
2111
2111
2129
2129
2129
2132
2132
2147
2122
2122
2122
2122
2134
2134
2134
2158
2158
2845
2121
2121
2121
2121
2133
2133
2133
2136
2136
2145
2130
2130
2130
2133
2133
2148
2134
2134
2134
2135
2135
2159
2135
2135
2154
2134
2134
2134
2135
2135
2153
2099
2099
2099
2099
2120
2120
2120
2136
2136
2156
2119
2119
2119
2119
2133
2133
2133
2136
2136
2155
1469
1469
1469
2174
2174
2175
2173
2173
2173
2173
2176
2176
2176
2178
2178
2183
2164
2164
2164
2164
2176
2176
2176
2177
2177
2178
2163
2163
2163
2174
2174
2179
2173
2173
2173
2182
2182
2183
2181
2181
2181
2181
2184
2184
2184
2186
2186
2191
2168
2168
2168
2168
2184
2184
2184
2185
2185
2186
2167
2167
2167
2182
2182
2187
2181
2181
2181
2190
2190
2191
2189
2189
2192
2172
2172
2172
2172
2192
2192
2192
2193
2193
2194
2171
2171
2171
2190
2190
2195
2162
2162
2162
2165
2165
2178
1469
1469
1469
2161
2161
2164
1450
1450
1450
1450
1472
1472
1472
2161
2161
2180
2162
2162
2162
2162
2163
2163
2163
2179
2179
2183
2163
2163
2163
2163
2174
2174
2174
2178
2178
2200
2162
2162
2162
2162
2163
2163
2163
2173
2173
2177
2164
2164
2176
2161
2161
2161
2164
2164
2175
2166
2166
2166
2169
2169
2186
2165
2165
2165
2168
2168
2173
2162
2162
2162
2162
2165
2165
2165
2176
2176
2188
2166
2166
2166
2166
2167
2167
2167
2187
2187
2191
2167
2167
2167
2167
2182
2182
2182
2186
2186
2204
2166
2166
2166
2166
2167
2167
2167
2181
2181
2185
2168
2168
2184
2165
2165
2165
2168
2168
2183
2170
2169
2169
2169
2172
2172
2181
2166
2166
2166
2166
2169
2169
2169
2184
2184
2196
2170
2170
2170
2171
2171
2195
2171
2171
2171
2171
2190
2190
2190
2194
2194
2208
2170
2170
2170
2170
2171
2171
2171
2189
2189
2193
2172
2172
2192
2169
2169
2169
2172
2172
2191
1450
1450
1450
1450
1505
1505
1505
2210
2210
2211
2209
2209
2209
2209
2212
2212
2212
2214
2214
2219
2200
2200
2200
2200
2212
2212
2212
2213
2213
2214
2177
2177
2177
2177
2199
2199
2199
2210
2210
2215
2162
2162
2162
2162
2209
2209
2209
2218
2218
2219
2217
2217
2217
2217
2220
2220
2220
2222
2222
2227
2204
2204
2204
2204
2220
2220
2220
2221
2221
2222
2185
2185
2185
2185
2203
2203
2203
2218
2218
2223
2166
2166
2166
2166
2217
2217
2217
2226
2226
2227
2225
2225
2228
2208
2208
2208
2208
2228
2228
2228
2229
2229
2230
2193
2193
2193
2193
2207
2207
2207
2226
2226
2231
2178
2178
2178
2178
2198
2198
2198
2201
2201
2214
1505
1505
1505
1505
2177
2177
2177
2197
2197
2200
1486
1486
1486
1486
1508
1508
1508
2197
2197
2216
2198
2198
2198
2198
2199
2199
2199
2215
2215
2219
2199
2199
2199
2199
2210
2210
2210
2214
2214
2236
2198
2198
2198
2198
2199
2199
2199
2209
2209
2213
2163
2163
2163
2163
2176
2176
2176
2200
2200
2212
2175
2175
2175
2175
2197
2197
2197
2200
2200
2211
2186
2186
2186
2186
2202
2202
2202
2205
2205
2222
2185
2185
2185
2185
2201
2201
2201
2204
2204
2209
2198
2198
2198
2198
2201
2201
2201
2212
2212
2224
2202
2202
2202
2202
2203
2203
2203
2223
2223
2227
2203
2203
2203
2203
2218
2218
2218
2222
2222
2240
2202
2202
2202
2202
2203
2203
2203
2217
2217
2221
2167
2167
2167
2167
2184
2184
2184
2204
2204
2220
2183
2183
2183
2183
2201
2201
2201
2204
2204
2219
2194
2194
2206
2193
2193
2193
2193
2205
2205
2205
2208
2208
2217
2202
2202
2202
2202
2205
2205
2205
2220
2220
2232
2206
2206
2206
2207
2207
2231
2207
2207
2207
2207
2226
2226
2226
2230
2230
2244
2206
2206
2206
2206
2207
2207
2207
2225
2225
2229
2171
2171
2171
2171
2192
2192
2192
2208
2208
2228
2191
2191
2191
2191
2205
2205
2205
2208
2208
2227
1486
1486
1486
1486
1541
1541
1541
2246
2246
2247
2245
2245
2245
2245
2248
2248
2248
2250
2250
2255
2236
2236
2236
2236
2248
2248
2248
2249
2249
2250
2213
2213
2213
2213
2235
2235
2235
2246
2246
2251
2198
2198
2198
2198
2245
2245
2245
2254
2254
2255
2253
2253
2253
2253
2256
2256
2256
2258
2258
2263
2240
2240
2240
2240
2256
2256
2256
2257
2257
2258
2221
2221
2221
2221
2239
2239
2239
2254
2254
2259
2202
2202
2202
2202
2253
2253
2253
2262
2262
2263
2261
2261
2264
2244
2244
2244
2244
2264
2264
2264
2265
2265
2266
2229
2229
2229
2229
2243
2243
2243
2262
2262
2267
2214
2214
2214
2214
2234
2234
2234
2237
2237
2250
1541
1541
1541
1541
2213
2213
2213
2233
2233
2236
1522
1522
1522
1522
1544
1544
1544
2233
2233
2252
2234
2234
2234
2234
2235
2235
2235
2251
2251
2255
2235
2235
2235
2235
2246
2246
2246
2250
2250
2272
2234
2234
2234
2234
2235
2235
2235
2245
2245
2249
2199
2199
2199
2199
2212
2212
2212
2236
2236
2248
2211
2211
2211
2211
2233
2233
2233
2236
2236
2247
2222
2222
2222
2222
2238
2238
2238
2241
2241
2258
2221
2221
2221
2221
2237
2237
2237
2240
2240
2245
2234
2234
2234
2234
2237
2237
2237
2248
2248
2260
2238
2238
2238
2238
2239
2239
2239
2259
2259
2263
2239
2239
2239
2239
2254
2254
2254
2258
2258
2276
2238
2238
2238
2238
2239
2239
2239
2253
2253
2257
2203
2203
2203
2203
2220
2220
2220
2240
2240
2256
2219
2219
2219
2219
2237
2237
2237
2240
2240
2255
2230
2230
2242
2229
2229
2229
2229
2241
2241
2241
2244
2244
2253
2238
2238
2238
2238
2241
2241
2241
2256
2256
2268
2242
2242
2242
2243
2243
2267
2243
2243
2243
2243
2262
2262
2262
2266
2266
2280
2242
2242
2242
2242
2243
2243
2243
2261
2261
2265
2207
2207
2207
2207
2228
2228
2228
2244
2244
2264
2227
2227
2227
2227
2241
2241
2241
2244
2244
2263
1522
1522
1522
1522
1577
1577
1577
2282
2282
2283
2281
2281
2281
2281
2284
2284
2284
2286
2286
2291
2272
2272
2272
2272
2284
2284
2284
2285
2285
2286
2249
2249
2249
2249
2271
2271
2271
2282
2282
2287
2234
2234
2234
2234
2281
2281
2281
2290
2290
2291
2289
2289
2289
2289
2292
2292
2292
2294
2294
2299
2276
2276
2276
2276
2292
2292
2292
2293
2293
2294
2257
2257
2257
2257
2275
2275
2275
2290
2290
2295
2238
2238
2238
2238
2289
2289
2289
2298
2298
2299
2297
2297
2300
2280
2280
2280
2280
2300
2300
2300
2301
2301
2302
2265
2265
2265
2265
2279
2279
2279
2298
2298
2303
2250
2250
2250
2250
2270
2270
2270
2273
2273
2286
1577
1577
1577
1577
2249
2249
2249
2269
2269
2272
1558
1558
1558
1558
1580
1580
1580
2269
2269
2288
2270
2270
2270
2270
2271
2271
2271
2287
2287
2291
2271
2271
2271
2271
2282
2282
2282
2286
2286
2308
2270
2270
2270
2270
2271
2271
2271
2281
2281
2285
2235
2235
2235
2235
2248
2248
2248
2272
2272
2284
2247
2247
2247
2247
2269
2269
2269
2272
2272
2283
2258
2258
2258
2258
2274
2274
2274
2277
2277
2294
2257
2257
2257
2257
2273
2273
2273
2276
2276
2281
2270
2270
2270
2270
2273
2273
2273
2284
2284
2296
2274
2274
2274
2274
2275
2275
2275
2295
2295
2299
2275
2275
2275
2275
2290
2290
2290
2294
2294
2312
2274
2274
2274
2274
2275
2275
2275
2289
2289
2293
2239
2239
2239
2239
2256
2256
2256
2276
2276
2292
2255
2255
2255
2255
2273
2273
2273
2276
2276
2291
2266
2266
2278
2265
2265
2265
2265
2277
2277
2277
2280
2280
2289
2274
2274
2274
2274
2277
2277
2277
2292
2292
2304
2278
2278
2278
2279
2279
2303
2279
2279
2279
2279
2298
2298
2298
2302
2302
2316
2278
2278
2278
2278
2279
2279
2279
2297
2297
2301
2243
2243
2243
2243
2264
2264
2264
2280
2280
2300
2263
2263
2263
2263
2277
2277
2277
2280
2280
2299
1558
1558
1558
1558
1613
1613
1613
2318
2318
2319
2317
2317
2317
2317
2320
2320
2320
2322
2322
2327
2308
2308
2308
2308
2320
2320
2320
2321
2321
2322
2285
2285
2285
2285
2307
2307
2307
2318
2318
2323
2270
2270
2270
2270
2317
2317
2317
2326
2326
2327
2325
2325
2325
2325
2328
2328
2328
2330
2330
2335
2312
2312
2312
2312
2328
2328
2328
2329
2329
2330
2293
2293
2293
2293
2311
2311
2311
2326
2326
2331
2274
2274
2274
2274
2325
2325
2325
2334
2334
2335
2333
2333
2336
2316
2316
2316
2316
2336
2336
2336
2337
2337
2338
2301
2301
2301
2301
2315
2315
2315
2334
2334
2339
2286
2286
2286
2286
2306
2306
2306
2309
2309
2322
1613
1613
1613
1613
2285
2285
2285
2305
2305
2308
1594
1594
1594
1594
1616
1616
1616
2305
2305
2324
2306
2306
2306
2306
2307
2307
2307
2323
2323
2327
2307
2307
2307
2307
2318
2318
2318
2322
2322
2344
2306
2306
2306
2306
2307
2307
2307
2317
2317
2321
2271
2271
2271
2271
2284
2284
2284
2308
2308
2320
2283
2283
2283
2283
2305
2305
2305
2308
2308
2319
2294
2294
2294
2294
2310
2310
2310
2313
2313
2330
2293
2293
2293
2293
2309
2309
2309
2312
2312
2317
2306
2306
2306
2306
2309
2309
2309
2320
2320
2332
2310
2310
2310
2310
2311
2311
2311
2331
2331
2335
2311
2311
2311
2311
2326
2326
2326
2330
2330
2348
2310
2310
2310
2310
2311
2311
2311
2325
2325
2329
2275
2275
2275
2275
2292
2292
2292
2312
2312
2328
2291
2291
2291
2291
2309
2309
2309
2312
2312
2327
2302
2302
2314
2301
2301
2301
2301
2313
2313
2313
2316
2316
2325
2310
2310
2310
2310
2313
2313
2313
2328
2328
2340
2314
2314
2314
2315
2315
2339
2315
2315
2315
2315
2334
2334
2334
2338
2338
2352
2314
2314
2314
2314
2315
2315
2315
2333
2333
2337
2279
2279
2279
2279
2300
2300
2300
2316
2316
2336
2299
2299
2299
2299
2313
2313
2313
2316
2316
2335
1594
1594
1594
1594
1649
1649
1649
2354
2354
2355
2353
2353
2353
2353
2356
2356
2356
2358
2358
2363
2344
2344
2344
2344
2356
2356
2356
2357
2357
2358
2321
2321
2321
2321
2343
2343
2343
2354
2354
2359
2306
2306
2306
2306
2353
2353
2353
2362
2362
2363
2361
2361
2361
2361
2364
2364
2364
2366
2366
2371
2348
2348
2348
2348
2364
2364
2364
2365
2365
2366
2329
2329
2329
2329
2347
2347
2347
2362
2362
2367
2310
2310
2310
2310
2361
2361
2361
2370
2370
2371
2369
2369
2372
2352
2352
2352
2352
2372
2372
2372
2373
2373
2374
2337
2337
2337
2337
2351
2351
2351
2370
2370
2375
2322
2322
2322
2322
2342
2342
2342
2345
2345
2358
1649
1649
1649
1649
2321
2321
2321
2341
2341
2344
1630
1630
1630
1630
1652
1652
1652
2341
2341
2360
2342
2342
2342
2342
2343
2343
2343
2359
2359
2363
2343
2343
2343
2343
2354
2354
2354
2358
2358
2380
2342
2342
2342
2342
2343
2343
2343
2353
2353
2357
2307
2307
2307
2307
2320
2320
2320
2344
2344
2356
2319
2319
2319
2319
2341
2341
2341
2344
2344
2355
2330
2330
2330
2330
2346
2346
2346
2349
2349
2366
2329
2329
2329
2329
2345
2345
2345
2348
2348
2353
2342
2342
2342
2342
2345
2345
2345
2356
2356
2368
2346
2346
2346
2346
2347
2347
2347
2367
2367
2371
2347
2347
2347
2347
2362
2362
2362
2366
2366
2384
2346
2346
2346
2346
2347
2347
2347
2361
2361
2365
2311
2311
2311
2311
2328
2328
2328
2348
2348
2364
2327
2327
2327
2327
2345
2345
2345
2348
2348
2363
2338
2338
2350
2337
2337
2337
2337
2349
2349
2349
2352
2352
2361
2346
2346
2346
2346
2349
2349
2349
2364
2364
2376
2350
2350
2350
2351
2351
2375
2351
2351
2351
2351
2370
2370
2370
2374
2374
2388
2350
2350
2350
2350
2351
2351
2351
2369
2369
2373
2315
2315
2315
2315
2336
2336
2336
2352
2352
2372
2335
2335
2335
2335
2349
2349
2349
2352
2352
2371
1630
1630
1630
1630
1685
1685
1685
2390
2390
2391
2389
2389
2389
2389
2392
2392
2392
2394
2394
2399
2380
2380
2380
2380
2392
2392
2392
2393
2393
2394
2357
2357
2357
2357
2379
2379
2379
2390
2390
2395
2342
2342
2342
2342
2389
2389
2389
2398
2398
2399
2397
2397
2397
2397
2400
2400
2400
2402
2402
2407
2384
2384
2384
2384
2400
2400
2400
2401
2401
2402
2365
2365
2365
2365
2383
2383
2383
2398
2398
2403
2346
2346
2346
2346
2397
2397
2397
2406
2406
2407
2405
2405
2408
2388
2388
2388
2388
2408
2408
2408
2409
2409
2410
2373
2373
2373
2373
2387
2387
2387
2406
2406
2411
2358
2358
2358
2358
2378
2378
2378
2381
2381
2394
1685
1685
1685
1685
2357
2357
2357
2377
2377
2380
1666
1666
1666
1666
1688
1688
1688
2377
2377
2396
2378
2378
2378
2378
2379
2379
2379
2395
2395
2399
2379
2379
2379
2379
2390
2390
2390
2394
2394
2416
2378
2378
2378
2378
2379
2379
2379
2389
2389
2393
2343
2343
2343
2343
2356
2356
2356
2380
2380
2392
2355
2355
2355
2355
2377
2377
2377
2380
2380
2391
2366
2366
2366
2366
2382
2382
2382
2385
2385
2402
2365
2365
2365
2365
2381
2381
2381
2384
2384
2389
2378
2378
2378
2378
2381
2381
2381
2392
2392
2404
2382
2382
2382
2382
2383
2383
2383
2403
2403
2407
2383
2383
2383
2383
2398
2398
2398
2402
2402
2420
2382
2382
2382
2382
2383
2383
2383
2397
2397
2401
2347
2347
2347
2347
2364
2364
2364
2384
2384
2400
2363
2363
2363
2363
2381
2381
2381
2384
2384
2399
2374
2374
2386
2373
2373
2373
2373
2385
2385
2385
2388
2388
2397
2382
2382
2382
2382
2385
2385
2385
2400
2400
2412
2386
2386
2386
2387
2387
2411
2387
2387
2387
2387
2406
2406
2406
2410
2410
2424
2386
2386
2386
2386
2387
2387
2387
2405
2405
2409
2351
2351
2351
2351
2372
2372
2372
2388
2388
2408
2371
2371
2371
2371
2385
2385
2385
2388
2388
2407
1666
1666
1666
1666
1721
1721
1721
2426
2426
2427
2425
2425
2425
2425
2428
2428
2428
2430
2430
2435
2416
2416
2416
2416
2428
2428
2428
2429
2429
2430
2393
2393
2393
2393
2415
2415
2415
2426
2426
2431
2378
2378
2378
2378
2425
2425
2425
2434
2434
2435
2433
2433
2433
2433
2436
2436
2436
2438
2438
2443
2420
2420
2420
2420
2436
2436
2436
2437
2437
2438
2401
2401
2401
2401
2419
2419
2419
2434
2434
2439
2382
2382
2382
2382
2433
2433
2433
2442
2442
2443
2441
2441
2444
2424
2424
2424
2424
2444
2444
2444
2445
2445
2446
2409
2409
2409
2409
2423
2423
2423
2442
2442
2447
2394
2394
2394
2394
2414
2414
2414
2417
2417
2430
1721
1721
1721
1721
2393
2393
2393
2413
2413
2416
1702
1702
1702
1702
1724
1724
1724
2413
2413
2432
2414
2414
2414
2414
2415
2415
2415
2431
2431
2435
2415
2415
2415
2415
2426
2426
2426
2430
2430
2452
2414
2414
2414
2414
2415
2415
2415
2425
2425
2429
2379
2379
2379
2379
2392
2392
2392
2416
2416
2428
2391
2391
2391
2391
2413
2413
2413
2416
2416
2427
2402
2402
2402
2402
2418
2418
2418
2421
2421
2438
2401
2401
2401
2401
2417
2417
2417
2420
2420
2425
2414
2414
2414
2414
2417
2417
2417
2428
2428
2440
2418
2418
2418
2418
2419
2419
2419
2439
2439
2443
2419
2419
2419
2419
2434
2434
2434
2438
2438
2456
2418
2418
2418
2418
2419
2419
2419
2433
2433
2437
2383
2383
2383
2383
2400
2400
2400
2420
2420
2436
2399
2399
2399
2399
2417
2417
2417
2420
2420
2435
2410
2410
2422
2409
2409
2409
2409
2421
2421
2421
2424
2424
2433
2418
2418
2418
2418
2421
2421
2421
2436
2436
2448
2422
2422
2422
2423
2423
2447
2423
2423
2423
2423
2442
2442
2442
2446
2446
2460
2422
2422
2422
2422
2423
2423
2423
2441
2441
2445
2387
2387
2387
2387
2408
2408
2408
2424
2424
2444
2407
2407
2407
2407
2421
2421
2421
2424
2424
2443
1702
1702
1702
1702
1757
1757
1757
2462
2462
2463
2461
2461
2461
2461
2464
2464
2464
2466
2466
2471
2452
2452
2452
2452
2464
2464
2464
2465
2465
2466
2429
2429
2429
2429
2451
2451
2451
2462
2462
2467
2414
2414
2414
2414
2461
2461
2461
2470
2470
2471
2469
2469
2469
2469
2472
2472
2472
2474
2474
2479
2456
2456
2456
2456
2472
2472
2472
2473
2473
2474
2437
2437
2437
2437
2455
2455
2455
2470
2470
2475
2418
2418
2418
2418
2469
2469
2469
2478
2478
2479
2477
2477
2480
2460
2460
2460
2460
2480
2480
2480
2481
2481
2482
2445
2445
2445
2445
2459
2459
2459
2478
2478
2483
2430
2430
2430
2430
2450
2450
2450
2453
2453
2466
1757
1757
1757
1757
2429
2429
2429
2449
2449
2452
1738
1738
1738
1738
1760
1760
1760
2449
2449
2468
2450
2450
2450
2450
2451
2451
2451
2467
2467
2471
2451
2451
2451
2451
2462
2462
2462
2466
2466
2488
2450
2450
2450
2450
2451
2451
2451
2461
2461
2465
2415
2415
2415
2415
2428
2428
2428
2452
2452
2464
2427
2427
2427
2427
2449
2449
2449
2452
2452
2463
2438
2438
2438
2438
2454
2454
2454
2457
2457
2474
2437
2437
2437
2437
2453
2453
2453
2456
2456
2461
2450
2450
2450
2450
2453
2453
2453
2464
2464
2476
2454
2454
2454
2454
2455
2455
2455
2475
2475
2479
2455
2455
2455
2455
2470
2470
2470
2474
2474
2492
2454
2454
2454
2454
2455
2455
2455
2469
2469
2473
2419
2419
2419
2419
2436
2436
2436
2456
2456
2472
2435
2435
2435
2435
2453
2453
2453
2456
2456
2471
2446
2446
2458
2445
2445
2445
2445
2457
2457
2457
2460
2460
2469
2454
2454
2454
2454
2457
2457
2457
2472
2472
2484
2458
2458
2458
2459
2459
2483
2459
2459
2459
2459
2478
2478
2478
2482
2482
2496
2458
2458
2458
2458
2459
2459
2459
2477
2477
2481
2423
2423
2423
2423
2444
2444
2444
2460
2460
2480
2443
2443
2443
2443
2457
2457
2457
2460
2460
2479
1738
1738
1738
1738
1793
1793
1793
2498
2498
2499
2497
2497
2497
2497
2500
2500
2500
2502
2502
2507
2488
2488
2488
2488
2500
2500
2500
2501
2501
2502
2465
2465
2465
2465
2487
2487
2487
2498
2498
2503
2450
2450
2450
2450
2497
2497
2497
2506
2506
2507
2505
2505
2505
2505
2508
2508
2508
2510
2510
2515
2492
2492
2492
2492
2508
2508
2508
2509
2509
2510
2473
2473
2473
2473
2491
2491
2491
2506
2506
2511
2454
2454
2454
2454
2505
2505
2505
2514
2514
2515
2513
2513
2516
2496
2496
2496
2496
2516
2516
2516
2517
2517
2518
2481
2481
2481
2481
2495
2495
2495
2514
2514
2519
2466
2466
2466
2466
2486
2486
2486
2489
2489
2502
1793
1793
1793
1793
2465
2465
2465
2485
2485
2488
1774
1774
1774
1774
1796
1796
1796
2485
2485
2504
2486
2486
2486
2486
2487
2487
2487
2503
2503
2507
2487
2487
2487
2487
2498
2498
2498
2502
2502
2524
2486
2486
2486
2486
2487
2487
2487
2497
2497
2501
2451
2451
2451
2451
2464
2464
2464
2488
2488
2500
2463
2463
2463
2463
2485
2485
2485
2488
2488
2499
2474
2474
2474
2474
2490
2490
2490
2493
2493
2510
2473
2473
2473
2473
2489
2489
2489
2492
2492
2497
2486
2486
2486
2486
2489
2489
2489
2500
2500
2512
2490
2490
2490
2490
2491
2491
2491
2511
2511
2515
2491
2491
2491
2491
2506
2506
2506
2510
2510
2528
2490
2490
2490
2490
2491
2491
2491
2505
2505
2509
2455
2455
2455
2455
2472
2472
2472
2492
2492
2508
2471
2471
2471
2471
2489
2489
2489
2492
2492
2507
2482
2482
2494
2481
2481
2481
2481
2493
2493
2493
2496
2496
2505
2490
2490
2490
2490
2493
2493
2493
2508
2508
2520
2494
2494
2494
2495
2495
2519
2495
2495
2495
2495
2514
2514
2514
2518
2518
2532
2494
2494
2494
2494
2495
2495
2495
2513
2513
2517
2459
2459
2459
2459
2480
2480
2480
2496
2496
2516
2479
2479
2479
2479
2493
2493
2493
2496
2496
2515
1774
1774
1774
1774
1829
1829
1829
2534
2534
2535
2533
2533
2533
2533
2536
2536
2536
2538
2538
2543
2524
2524
2524
2524
2536
2536
2536
2537
2537
2538
2501
2501
2501
2501
2523
2523
2523
2534
2534
2539
2486
2486
2486
2486
2533
2533
2533
2542
2542
2543
2541
2541
2541
2541
2544
2544
2544
2546
2546
2551
2528
2528
2528
2528
2544
2544
2544
2545
2545
2546
2509
2509
2509
2509
2527
2527
2527
2542
2542
2547
2490
2490
2490
2490
2541
2541
2541
2550
2550
2551
2549
2549
2552
2532
2532
2532
2532
2552
2552
2552
2553
2553
2554
2517
2517
2517
2517
2531
2531
2531
2550
2550
2555
2502
2502
2502
2502
2522
2522
2522
2525
2525
2538
1829
1829
1829
1829
2501
2501
2501
2521
2521
2524
1810
1810
1810
1810
1832
1832
1832
2521
2521
2540
2522
2522
2522
2522
2523
2523
2523
2539
2539
2543
2523
2523
2523
2523
2534
2534
2534
2538
2538
2560
2522
2522
2522
2522
2523
2523
2523
2533
2533
2537
2487
2487
2487
2487
2500
2500
2500
2524
2524
2536
2499
2499
2499
2499
2521
2521
2521
2524
2524
2535
2510
2510
2510
2510
2526
2526
2526
2529
2529
2546
2509
2509
2509
2509
2525
2525
2525
2528
2528
2533
2522
2522
2522
2522
2525
2525
2525
2536
2536
2548
2526
2526
2526
2526
2527
2527
2527
2547
2547
2551
2527
2527
2527
2527
2542
2542
2542
2546
2546
2564
2526
2526
2526
2526
2527
2527
2527
2541
2541
2545
2491
2491
2491
2491
2508
2508
2508
2528
2528
2544
2507
2507
2507
2507
2525
2525
2525
2528
2528
2543
2518
2518
2530
2517
2517
2517
2517
2529
2529
2529
2532
2532
2541
2526
2526
2526
2526
2529
2529
2529
2544
2544
2556
2530
2530
2530
2531
2531
2555
2531
2531
2531
2531
2550
2550
2550
2554
2554
2568
2530
2530
2530
2530
2531
2531
2531
2549
2549
2553
2495
2495
2495
2495
2516
2516
2516
2532
2532
2552
2515
2515
2515
2515
2529
2529
2529
2532
2532
2551
1810
1810
1810
1810
1865
1865
1865
2570
2570
2571
2569
2569
2569
2569
2572
2572
2572
2574
2574
2579
2560
2560
2560
2560
2572
2572
2572
2573
2573
2574
2537
2537
2537
2537
2559
2559
2559
2570
2570
2575
2522
2522
2522
2522
2569
2569
2569
2578
2578
2579
2577
2577
2577
2577
2580
2580
2580
2582
2582
2587
2564
2564
2564
2564
2580
2580
2580
2581
2581
2582
2545
2545
2545
2545
2563
2563
2563
2578
2578
2583
2526
2526
2526
2526
2577
2577
2577
2586
2586
2587
2585
2585
2588
2568
2568
2568
2568
2588
2588
2588
2589
2589
2590
2553
2553
2553
2553
2567
2567
2567
2586
2586
2591
2538
2538
2538
2538
2558
2558
2558
2561
2561
2574
1865
1865
1865
1865
2537
2537
2537
2557
2557
2560
1846
1846
1846
1846
1868
1868
1868
2557
2557
2576
2558
2558
2558
2558
2559
2559
2559
2575
2575
2579
2559
2559
2559
2559
2570
2570
2570
2574
2574
2596
2558
2558
2558
2558
2559
2559
2559
2569
2569
2573
2523
2523
2523
2523
2536
2536
2536
2560
2560
2572
2535
2535
2535
2535
2557
2557
2557
2560
2560
2571
2546
2546
2546
2546
2562
2562
2562
2565
2565
2582
2545
2545
2545
2545
2561
2561
2561
2564
2564
2569
2558
2558
2558
2558
2561
2561
2561
2572
2572
2584
2562
2562
2562
2562
2563
2563
2563
2583
2583
2587
2563
2563
2563
2563
2578
2578
2578
2582
2582
2600
2562
2562
2562
2562
2563
2563
2563
2577
2577
2581
2527
2527
2527
2527
2544
2544
2544
2564
2564
2580
2543
2543
2543
2543
2561
2561
2561
2564
2564
2579
2554
2554
2566
2553
2553
2553
2553
2565
2565
2565
2568
2568
2577
2562
2562
2562
2562
2565
2565
2565
2580
2580
2592
2566
2566
2566
2567
2567
2591
2567
2567
2567
2567
2586
2586
2586
2590
2590
2604
2566
2566
2566
2566
2567
2567
2567
2585
2585
2589
2531
2531
2531
2531
2552
2552
2552
2568
2568
2588
2551
2551
2551
2551
2565
2565
2565
2568
2568
2587
1846
1846
1846
1846
1901
1901
1901
2606
2606
2607
2605
2605
2605
2605
2608
2608
2608
2610
2610
2615
2596
2596
2596
2596
2608
2608
2608
2609
2609
2610
2573
2573
2573
2573
2595
2595
2595
2606
2606
2611
2558
2558
2558
2558
2605
2605
2605
2614
2614
2615
2613
2613
2613
2613
2616
2616
2616
2618
2618
2623
2600
2600
2600
2600
2616
2616
2616
2617
2617
2618
2581
2581
2581
2581
2599
2599
2599
2614
2614
2619
2562
2562
2562
2562
2613
2613
2613
2622
2622
2623
2621
2621
2624
2604
2604
2604
2604
2624
2624
2624
2625
2625
2626
2589
2589
2589
2589
2603
2603
2603
2622
2622
2627
2574
2574
2574
2574
2594
2594
2594
2597
2597
2610
1901
1901
1901
1901
2573
2573
2573
2593
2593
2596
1882
1882
1882
1882
1904
1904
1904
2593
2593
2612
2594
2594
2594
2594
2595
2595
2595
2611
2611
2615
2595
2595
2595
2595
2606
2606
2606
2610
2610
2632
2594
2594
2594
2594
2595
2595
2595
2605
2605
2609
2559
2559
2559
2559
2572
2572
2572
2596
2596
2608
2571
2571
2571
2571
2593
2593
2593
2596
2596
2607
2582
2582
2582
2582
2598
2598
2598
2601
2601
2618
2581
2581
2581
2581
2597
2597
2597
2600
2600
2605
2594
2594
2594
2594
2597
2597
2597
2608
2608
2620
2598
2598
2598
2598
2599
2599
2599
2619
2619
2623
2599
2599
2599
2599
2614
2614
2614
2618
2618
2636
2598
2598
2598
2598
2599
2599
2599
2613
2613
2617
2563
2563
2563
2563
2580
2580
2580
2600
2600
2616
2579
2579
2579
2579
2597
2597
2597
2600
2600
2615
2590
2590
2602
2589
2589
2589
2589
2601
2601
2601
2604
2604
2613
2598
2598
2598
2598
2601
2601
2601
2616
2616
2628
2602
2602
2602
2603
2603
2627
2603
2603
2603
2603
2622
2622
2622
2626
2626
2640
2602
2602
2602
2602
2603
2603
2603
2621
2621
2625
2567
2567
2567
2567
2588
2588
2588
2604
2604
2624
2587
2587
2587
2587
2601
2601
2601
2604
2604
2623
1882
1882
1882
1882
1937
1937
1937
2642
2642
2643
2641
2641
2641
2641
2644
2644
2644
2646
2646
2651
2632
2632
2632
2632
2644
2644
2644
2645
2645
2646
2609
2609
2609
2609
2631
2631
2631
2642
2642
2647
2594
2594
2594
2594
2641
2641
2641
2650
2650
2651
2649
2649
2649
2649
2652
2652
2652
2654
2654
2659
2636
2636
2636
2636
2652
2652
2652
2653
2653
2654
2617
2617
2617
2617
2635
2635
2635
2650
2650
2655
2598
2598
2598
2598
2649
2649
2649
2658
2658
2659
2657
2657
2660
2640
2640
2640
2640
2660
2660
2660
2661
2661
2662
2625
2625
2625
2625
2639
2639
2639
2658
2658
2663
2610
2610
2610
2610
2630
2630
2630
2633
2633
2646
1937
1937
1937
1937
2609
2609
2609
2629
2629
2632
1918
1918
1918
1918
1940
1940
1940
2629
2629
2648
2630
2630
2630
2630
2631
2631
2631
2647
2647
2651
2631
2631
2631
2631
2642
2642
2642
2646
2646
2668
2630
2630
2630
2630
2631
2631
2631
2641
2641
2645
2595
2595
2595
2595
2608
2608
2608
2632
2632
2644
2607
2607
2607
2607
2629
2629
2629
2632
2632
2643
2618
2618
2618
2618
2634
2634
2634
2637
2637
2654
2617
2617
2617
2617
2633
2633
2633
2636
2636
2641
2630
2630
2630
2630
2633
2633
2633
2644
2644
2656
2634
2634
2634
2634
2635
2635
2635
2655
2655
2659
2635
2635
2635
2635
2650
2650
2650
2654
2654
2672
2634
2634
2634
2634
2635
2635
2635
2649
2649
2653
2599
2599
2599
2599
2616
2616
2616
2636
2636
2652
2615
2615
2615
2615
2633
2633
2633
2636
2636
2651
2626
2626
2638
2625
2625
2625
2625
2637
2637
2637
2640
2640
2649
2634
2634
2634
2634
2637
2637
2637
2652
2652
2664
2638
2638
2638
2639
2639
2663
2639
2639
2639
2639
2658
2658
2658
2662
2662
2676
2638
2638
2638
2638
2639
2639
2639
2657
2657
2661
2603
2603
2603
2603
2624
2624
2624
2640
2640
2660
2623
2623
2623
2623
2637
2637
2637
2640
2640
2659
1918
1918
1918
1918
1973
1973
1973
2678
2678
2679
2677
2677
2677
2677
2680
2680
2680
2682
2682
2687
2668
2668
2668
2668
2680
2680
2680
2681
2681
2682
2645
2645
2645
2645
2667
2667
2667
2678
2678
2683
2630
2630
2630
2630
2677
2677
2677
2686
2686
2687
2685
2685
2685
2685
2688
2688
2688
2690
2690
2695
2672
2672
2672
2672
2688
2688
2688
2689
2689
2690
2653
2653
2653
2653
2671
2671
2671
2686
2686
2691
2634
2634
2634
2634
2685
2685
2685
2694
2694
2695
2693
2693
2696
2676
2676
2676
2676
2696
2696
2696
2697
2697
2698
2661
2661
2661
2661
2675
2675
2675
2694
2694
2699
2646
2646
2646
2646
2666
2666
2666
2669
2669
2682
1973
1973
1973
1973
2645
2645
2645
2665
2665
2668
1954
1954
1954
1954
1976
1976
1976
2665
2665
2684
2666
2666
2666
2666
2667
2667
2667
2683
2683
2687
2667
2667
2667
2667
2678
2678
2678
2682
2682
2704
2666
2666
2666
2666
2667
2667
2667
2677
2677
2681
2631
2631
2631
2631
2644
2644
2644
2668
2668
2680
2643
2643
2643
2643
2665
2665
2665
2668
2668
2679
2654
2654
2654
2654
2670
2670
2670
2673
2673
2690
2653
2653
2653
2653
2669
2669
2669
2672
2672
2677
2666
2666
2666
2666
2669
2669
2669
2680
2680
2692
2670
2670
2670
2670
2671
2671
2671
2691
2691
2695
2671
2671
2671
2671
2686
2686
2686
2690
2690
2708
2670
2670
2670
2670
2671
2671
2671
2685
2685
2689
2635
2635
2635
2635
2652
2652
2652
2672
2672
2688
2651
2651
2651
2651
2669
2669
2669
2672
2672
2687
2662
2662
2674
2661
2661
2661
2661
2673
2673
2673
2676
2676
2685
2670
2670
2670
2670
2673
2673
2673
2688
2688
2700
2674
2674
2674
2675
2675
2699
2675
2675
2675
2675
2694
2694
2694
2698
2698
2712
2674
2674
2674
2674
2675
2675
2675
2693
2693
2697
2639
2639
2639
2639
2660
2660
2660
2676
2676
2696
2659
2659
2659
2659
2673
2673
2673
2676
2676
2695
1954
1954
1954
1954
2009
2009
2009
2714
2714
2715
2713
2713
2713
2713
2716
2716
2716
2718
2718
2723
2704
2704
2704
2704
2716
2716
2716
2717
2717
2718
2681
2681
2681
2681
2703
2703
2703
2714
2714
2719
2666
2666
2666
2666
2713
2713
2713
2722
2722
2723
2721
2721
2721
2721
2724
2724
2724
2726
2726
2731
2708
2708
2708
2708
2724
2724
2724
2725
2725
2726
2689
2689
2689
2689
2707
2707
2707
2722
2722
2727
2670
2670
2670
2670
2721
2721
2721
2730
2730
2731
2729
2729
2732
2712
2712
2712
2712
2732
2732
2732
2733
2733
2734
2697
2697
2697
2697
2711
2711
2711
2730
2730
2735
2682
2682
2682
2682
2702
2702
2702
2705
2705
2718
2009
2009
2009
2009
2681
2681
2681
2701
2701
2704
1990
1990
1990
1990
2012
2012
2012
2701
2701
2720
2702
2702
2702
2702
2703
2703
2703
2719
2719
2723
2703
2703
2703
2703
2714
2714
2714
2718
2718
2740
2702
2702
2702
2702
2703
2703
2703
2713
2713
2717
2667
2667
2667
2667
2680
2680
2680
2704
2704
2716
2679
2679
2679
2679
2701
2701
2701
2704
2704
2715
2690
2690
2690
2690
2706
2706
2706
2709
2709
2726
2689
2689
2689
2689
2705
2705
2705
2708
2708
2713
2702
2702
2702
2702
2705
2705
2705
2716
2716
2728
2706
2706
2706
2706
2707
2707
2707
2727
2727
2731
2707
2707
2707
2707
2722
2722
2722
2726
2726
2744
2706
2706
2706
2706
2707
2707
2707
2721
2721
2725
2671
2671
2671
2671
2688
2688
2688
2708
2708
2724
2687
2687
2687
2687
2705
2705
2705
2708
2708
2723
2698
2698
2710
2697
2697
2697
2697
2709
2709
2709
2712
2712
2721
2706
2706
2706
2706
2709
2709
2709
2724
2724
2736
2710
2710
2710
2711
2711
2735
2711
2711
2711
2711
2730
2730
2730
2734
2734
2748
2710
2710
2710
2710
2711
2711
2711
2729
2729
2733
2675
2675
2675
2675
2696
2696
2696
2712
2712
2732
2695
2695
2695
2695
2709
2709
2709
2712
2712
2731
1990
1990
1990
1990
2045
2045
2045
2750
2750
2751
2749
2749
2749
2749
2752
2752
2752
2754
2754
2759
2740
2740
2740
2740
2752
2752
2752
2753
2753
2754
2717
2717
2717
2717
2739
2739
2739
2750
2750
2755
2702
2702
2702
2702
2749
2749
2749
2758
2758
2759
2757
2757
2757
2757
2760
2760
2760
2762
2762
2767
2744
2744
2744
2744
2760
2760
2760
2761
2761
2762
2725
2725
2725
2725
2743
2743
2743
2758
2758
2763
2706
2706
2706
2706
2757
2757
2757
2766
2766
2767
2765
2765
2768
2748
2748
2748
2748
2768
2768
2768
2769
2769
2770
2733
2733
2733
2733
2747
2747
2747
2766
2766
2771
2718
2718
2718
2718
2738
2738
2738
2741
2741
2754
2045
2045
2045
2045
2717
2717
2717
2737
2737
2740
2026
2026
2026
2026
2048
2048
2048
2737
2737
2756
2738
2738
2738
2738
2739
2739
2739
2755
2755
2759
2739
2739
2739
2739
2750
2750
2750
2754
2754
2776
2738
2738
2738
2738
2739
2739
2739
2749
2749
2753
2703
2703
2703
2703
2716
2716
2716
2740
2740
2752
2715
2715
2715
2715
2737
2737
2737
2740
2740
2751
2726
2726
2726
2726
2742
2742
2742
2745
2745
2762
2725
2725
2725
2725
2741
2741
2741
2744
2744
2749
2738
2738
2738
2738
2741
2741
2741
2752
2752
2764
2742
2742
2742
2742
2743
2743
2743
2763
2763
2767
2743
2743
2743
2743
2758
2758
2758
2762
2762
2780
2742
2742
2742
2742
2743
2743
2743
2757
2757
2761
2707
2707
2707
2707
2724
2724
2724
2744
2744
2760
2723
2723
2723
2723
2741
2741
2741
2744
2744
2759
2734
2734
2746
2733
2733
2733
2733
2745
2745
2745
2748
2748
2757
2742
2742
2742
2742
2745
2745
2745
2760
2760
2772
2746
2746
2746
2747
2747
2771
2747
2747
2747
2747
2766
2766
2766
2770
2770
2784
2746
2746
2746
2746
2747
2747
2747
2765
2765
2769
2711
2711
2711
2711
2732
2732
2732
2748
2748
2768
2731
2731
2731
2731
2745
2745
2745
2748
2748
2767
2026
2026
2026
2026
2081
2081
2081
2786
2786
2787
2785
2785
2785
2785
2788
2788
2788
2790
2790
2795
2776
2776
2776
2776
2788
2788
2788
2789
2789
2790
2753
2753
2753
2753
2775
2775
2775
2786
2786
2791
2738
2738
2738
2738
2785
2785
2785
2794
2794
2795
2793
2793
2793
2793
2796
2796
2796
2798
2798
2803
2780
2780
2780
2780
2796
2796
2796
2797
2797
2798
2761
2761
2761
2761
2779
2779
2779
2794
2794
2799
2742
2742
2742
2742
2793
2793
2793
2802
2802
2803
2801
2801
2804
2784
2784
2784
2784
2804
2804
2804
2805
2805
2806
2769
2769
2769
2769
2783
2783
2783
2802
2802
2807
2754
2754
2754
2754
2774
2774
2774
2777
2777
2790
2081
2081
2081
2081
2753
2753
2753
2773
2773
2776
2062
2062
2062
2062
2084
2084
2084
2773
2773
2792
2774
2774
2774
2774
2775
2775
2775
2791
2791
2795
2775
2775
2775
2775
2786
2786
2786
2790
2790
2812
2774
2774
2774
2774
2775
2775
2775
2785
2785
2789
2739
2739
2739
2739
2752
2752
2752
2776
2776
2788
2751
2751
2751
2751
2773
2773
2773
2776
2776
2787
2762
2762
2762
2762
2778
2778
2778
2781
2781
2798
2761
2761
2761
2761
2777
2777
2777
2780
2780
2785
2774
2774
2774
2774
2777
2777
2777
2788
2788
2800
2778
2778
2778
2778
2779
2779
2779
2799
2799
2803
2779
2779
2779
2779
2794
2794
2794
2798
2798
2816
2778
2778
2778
2778
2779
2779
2779
2793
2793
2797
2743
2743
2743
2743
2760
2760
2760
2780
2780
2796
2759
2759
2759
2759
2777
2777
2777
2780
2780
2795
2770
2770
2782
2769
2769
2769
2769
2781
2781
2781
2784
2784
2793
2778
2778
2778
2778
2781
2781
2781
2796
2796
2808
2782
2782
2782
2783
2783
2807
2783
2783
2783
2783
2802
2802
2802
2806
2806
2820
2782
2782
2782
2782
2783
2783
2783
2801
2801
2805
2747
2747
2747
2747
2768
2768
2768
2784
2784
2804
2767
2767
2767
2767
2781
2781
2781
2784
2784
2803
2062
2062
2062
2062
2117
2117
2117
2822
2822
2823
2821
2821
2821
2821
2824
2824
2824
2826
2826
2831
2812
2812
2812
2812
2824
2824
2824
2825
2825
2826
2789
2789
2789
2789
2811
2811
2811
2822
2822
2827
2774
2774
2774
2774
2821
2821
2821
2830
2830
2831
2829
2829
2829
2829
2832
2832
2832
2834
2834
2839
2816
2816
2816
2816
2832
2832
2832
2833
2833
2834
2797
2797
2797
2797
2815
2815
2815
2830
2830
2835
2778
2778
2778
2778
2829
2829
2829
2838
2838
2839
2837
2837
2840
2820
2820
2820
2820
2840
2840
2840
2841
2841
2842
2805
2805
2805
2805
2819
2819
2819
2838
2838
2843
2790
2790
2790
2790
2810
2810
2810
2813
2813
2826
2117
2117
2117
2117
2789
2789
2789
2809
2809
2812
2098
2098
2098
2098
2120
2120
2120
2809
2809
2828
2810
2810
2810
2810
2811
2811
2811
2827
2827
2831
2811
2811
2811
2811
2822
2822
2822
2826
2826
2848
2810
2810
2810
2810
2811
2811
2811
2821
2821
2825
2775
2775
2775
2775
2788
2788
2788
2812
2812
2824
2787
2787
2787
2787
2809
2809
2809
2812
2812
2823
2798
2798
2798
2798
2814
2814
2814
2817
2817
2834
2797
2797
2797
2797
2813
2813
2813
2816
2816
2821
2810
2810
2810
2810
2813
2813
2813
2824
2824
2836
2814
2814
2814
2814
2815
2815
2815
2835
2835
2839
2815
2815
2815
2815
2830
2830
2830
2834
2834
2852
2814
2814
2814
2814
2815
2815
2815
2829
2829
2833
2779
2779
2779
2779
2796
2796
2796
2816
2816
2832
2795
2795
2795
2795
2813
2813
2813
2816
2816
2831
2806
2806
2818
2805
2805
2805
2805
2817
2817
2817
2820
2820
2829
2814
2814
2814
2814
2817
2817
2817
2832
2832
2844
2818
2818
2818
2819
2819
2843
2819
2819
2819
2819
2838
2838
2838
2842
2842
2856
2818
2818
2818
2818
2819
2819
2819
2837
2837
2841
2783
2783
2783
2783
2804
2804
2804
2820
2820
2840
2803
2803
2803
2803
2817
2817
2817
2820
2820
2839
2098
2098
2098
2098
2153
2153
2153
2858
2858
2859
2857
2857
2857
2860
2860
2862
2848
2848
2848
2860
2860
2861
2825
2825
2825
2825
2847
2847
2847
2858
2858
2863
2810
2810
2810
2810
2857
2857
2857
2866
2866
2867
2865
2865
2865
2868
2868
2870
2852
2852
2852
2868
2868
2869
2833
2833
2833
2833
2851
2851
2851
2866
2866
2871
2814
2814
2814
2814
2865
2865
2865
2874
2874
2875
2873
2873
2876
2856
2856
2856
2876
2876
2877
2841
2841
2841
2841
2855
2855
2855
2874
2874
2879
2826
2826
2826
2826
2846
2846
2846
2849
2849
2862
2153
2153
2153
2153
2825
2825
2825
2845
2845
2848
2134
2134
2134
2156
2156
2845
2846
2846
2846
2847
2847
2863
2847
2847
2858
2846
2846
2846
2847
2847
2857
2811
2811
2811
2811
2824
2824
2824
2848
2848
2860
2823
2823
2823
2823
2845
2845
2845
2848
2848
2859
2834
2834
2834
2834
2850
2850
2850
2853
2853
2870
2833
2833
2833
2833
2849
2849
2849
2852
2852
2857
2846
2846
2846
2849
2849
2860
2850
2850
2850
2851
2851
2871
2851
2851
2866
2850
2850
2850
2851
2851
2865
2815
2815
2815
2815
2832
2832
2832
2852
2852
2868
2831
2831
2831
2831
2849
2849
2849
2852
2852
2867
2842
2842
2854
2841
2841
2841
2841
2853
2853
2853
2856
2856
2865
2850
2850
2850
2853
2853
2868
2854
2854
2855
2855
2855
2874
2854
2854
2854
2855
2855
2873
2819
2819
2819
2819
2840
2840
2840
2856
2856
2876
2839
2839
2839
2839
2853
2853
2853
2856
2856
2875
