15
20
20
16
18
23
41
18
23
41
23
41
41
16
17
18
55
17
18
55
18
55
55
14
19
20
19
20
20
22
23
28
23
28
28
24
26
31
45
26
31
45
31
45
45
24
25
26
63
25
26
63
26
63
63
22
27
28
27
28
28
30
31
36
31
36
36
32
34
735
757
34
735
757
735
757
757
32
33
34
71
33
34
71
34
71
71
30
35
36
35
36
36
5
18
22
18
22
22
4
17
17
20
56
56
3
19
23
55
19
23
55
23
55
55
14
18
40
50
18
40
50
40
50
50
3
13
17
49
13
17
49
17
49
49
16
20
20
4
15
19
15
19
19
9
26
30
26
30
30
8
13
25
13
25
25
5
16
28
64
16
28
64
28
64
64
7
27
31
63
27
31
63
31
63
63
22
26
44
58
26
44
58
44
58
58
7
21
25
57
21
25
57
25
57
57
24
28
28
8
23
27
23
27
27
34
721
734
721
734
734
12
21
33
21
33
33
9
24
36
72
24
36
72
36
72
72
11
35
71
735
35
71
735
71
735
735
30
34
48
66
34
48
66
48
66
66
11
29
33
65
29
33
65
33
65
65
32
36
36
12
31
35
31
35
35
51
56
56
52
54
59
77
54
59
77
59
77
77
52
53
54
91
53
54
91
54
91
91
39
50
55
56
50
55
56
55
56
56
49
58
59
64
58
59
64
59
64
64
60
62
67
81
62
67
81
67
81
81
60
61
62
99
61
62
99
62
99
99
43
58
63
64
58
63
64
63
64
64
57
66
67
72
66
67
72
67
72
72
68
70
771
793
70
771
793
771
793
793
68
69
70
107
69
70
107
70
107
107
47
66
71
72
66
71
72
71
72
72
38
41
54
58
41
54
58
54
58
58
37
40
53
40
53
53
56
92
92
39
55
59
91
55
59
91
59
91
91
50
54
76
86
54
76
86
76
86
86
39
49
53
85
49
53
85
53
85
85
16
40
52
56
40
52
56
52
56
56
37
40
51
55
40
51
55
51
55
55
42
45
62
66
45
62
66
62
66
66
41
44
49
61
44
49
61
49
61
61
41
52
64
100
52
64
100
64
100
100
43
63
67
99
63
67
99
67
99
99
58
62
80
94
62
80
94
80
94
94
43
57
61
93
57
61
93
61
93
93
24
44
60
64
44
60
64
60
64
64
41
44
59
63
44
59
63
59
63
63
46
70
757
770
70
757
770
757
770
770
45
48
57
69
48
57
69
57
69
69
45
60
72
108
60
72
108
72
108
108
47
71
107
771
71
107
771
107
771
771
66
70
84
102
70
84
102
84
102
102
47
65
69
101
65
69
101
69
101
101
32
48
68
72
48
68
72
68
72
72
45
48
67
71
48
67
71
67
71
71
87
92
92
88
90
95
113
90
95
113
95
113
113
88
89
90
127
89
90
127
90
127
127
75
86
91
92
86
91
92
91
92
92
85
94
95
100
94
95
100
95
100
100
96
98
103
117
98
103
117
103
117
117
96
97
98
135
97
98
135
98
135
135
79
94
99
100
94
99
100
99
100
100
93
102
103
108
102
103
108
103
108
108
104
106
807
829
106
807
829
807
829
829
104
105
106
143
105
106
143
106
143
143
83
102
107
108
102
107
108
107
108
108
74
77
90
94
77
90
94
90
94
94
73
76
89
76
89
89
92
128
128
75
91
95
127
91
95
127
95
127
127
86
90
112
122
90
112
122
112
122
122
75
85
89
121
85
89
121
89
121
121
52
76
88
92
76
88
92
88
92
92
73
76
87
91
76
87
91
87
91
91
78
81
98
102
81
98
102
98
102
102
77
80
85
97
80
85
97
85
97
97
77
88
100
136
88
100
136
100
136
136
79
99
103
135
99
103
135
103
135
135
94
98
116
130
98
116
130
116
130
130
79
93
97
129
93
97
129
97
129
129
60
80
96
100
80
96
100
96
100
100
77
80
95
99
80
95
99
95
99
99
82
106
793
806
106
793
806
793
806
806
81
84
93
105
84
93
105
93
105
105
81
96
108
144
96
108
144
108
144
144
83
107
143
807
107
143
807
143
807
807
102
106
120
138
106
120
138
120
138
138
83
101
105
137
101
105
137
105
137
137
68
84
104
108
84
104
108
104
108
108
81
84
103
107
84
103
107
103
107
107
123
128
128
124
126
131
149
126
131
149
131
149
149
124
125
126
163
125
126
163
126
163
163
111
122
127
128
122
127
128
127
128
128
121
130
131
136
130
131
136
131
136
136
132
134
139
153
134
139
153
139
153
153
132
133
134
171
133
134
171
134
171
171
115
130
135
136
130
135
136
135
136
136
129
138
139
144
138
139
144
139
144
144
140
142
843
865
142
843
865
843
865
865
140
141
142
179
141
142
179
142
179
179
119
138
143
144
138
143
144
143
144
144
110
113
126
130
113
126
130
126
130
130
109
112
125
112
125
125
128
164
164
111
127
131
163
127
131
163
131
163
163
122
126
148
158
126
148
158
148
158
158
111
121
125
157
121
125
157
125
157
157
88
112
124
128
112
124
128
124
128
128
109
112
123
127
112
123
127
123
127
127
114
117
134
138
117
134
138
134
138
138
113
116
121
133
116
121
133
121
133
133
113
124
136
172
124
136
172
136
172
172
115
135
139
171
135
139
171
139
171
171
130
134
152
166
134
152
166
152
166
166
115
129
133
165
129
133
165
133
165
165
96
116
132
136
116
132
136
132
136
136
113
116
131
135
116
131
135
131
135
135
118
142
829
842
142
829
842
829
842
842
117
120
129
141
120
129
141
129
141
141
117
132
144
180
132
144
180
144
180
180
119
143
179
843
143
179
843
179
843
843
138
142
156
174
142
156
174
156
174
174
119
137
141
173
137
141
173
141
173
173
104
120
140
144
120
140
144
140
144
144
117
120
139
143
120
139
143
139
143
143
159
164
164
160
162
167
185
162
167
185
167
185
185
160
161
162
199
161
162
199
162
199
199
147
158
163
164
158
163
164
163
164
164
157
166
167
172
166
167
172
167
172
172
168
170
175
189
170
175
189
175
189
189
168
169
170
207
169
170
207
170
207
207
151
166
171
172
166
171
172
171
172
172
165
174
175
180
174
175
180
175
180
180
176
178
879
901
178
879
901
879
901
901
176
177
178
215
177
178
215
178
215
215
155
174
179
180
174
179
180
179
180
180
146
149
162
166
149
162
166
162
166
166
145
148
161
148
161
161
164
200
200
147
163
167
199
163
167
199
167
199
199
158
162
184
194
162
184
194
184
194
194
147
157
161
193
157
161
193
161
193
193
124
148
160
164
148
160
164
160
164
164
145
148
159
163
148
159
163
159
163
163
150
153
170
174
153
170
174
170
174
174
149
152
157
169
152
157
169
157
169
169
149
160
172
208
160
172
208
172
208
208
151
171
175
207
171
175
207
175
207
207
166
170
188
202
170
188
202
188
202
202
151
165
169
201
165
169
201
169
201
201
132
152
168
172
152
168
172
168
172
172
149
152
167
171
152
167
171
167
171
171
154
178
865
878
178
865
878
865
878
878
153
156
165
177
156
165
177
165
177
177
153
168
180
216
168
180
216
180
216
216
155
179
215
879
179
215
879
215
879
879
174
178
192
210
178
192
210
192
210
210
155
173
177
209
173
177
209
177
209
209
140
156
176
180
156
176
180
176
180
180
153
156
175
179
156
175
179
175
179
179
195
200
200
196
198
203
221
198
203
221
203
221
221
196
197
198
235
197
198
235
198
235
235
183
194
199
200
194
199
200
199
200
200
193
202
203
208
202
203
208
203
208
208
204
206
211
225
206
211
225
211
225
225
204
205
206
243
205
206
243
206
243
243
187
202
207
208
202
207
208
207
208
208
201
210
211
216
210
211
216
211
216
216
212
214
915
937
214
915
937
915
937
937
212
213
214
251
213
214
251
214
251
251
191
210
215
216
210
215
216
215
216
216
182
185
198
202
185
198
202
198
202
202
181
184
197
184
197
197
200
236
236
183
199
203
235
199
203
235
203
235
235
194
198
220
230
198
220
230
220
230
230
183
193
197
229
193
197
229
197
229
229
160
184
196
200
184
196
200
196
200
200
181
184
195
199
184
195
199
195
199
199
186
189
206
210
189
206
210
206
210
210
185
188
193
205
188
193
205
193
205
205
185
196
208
244
196
208
244
208
244
244
187
207
211
243
207
211
243
211
243
243
202
206
224
238
206
224
238
224
238
238
187
201
205
237
201
205
237
205
237
237
168
188
204
208
188
204
208
204
208
208
185
188
203
207
188
203
207
203
207
207
190
214
901
914
214
901
914
901
914
914
189
192
201
213
192
201
213
201
213
213
189
204
216
252
204
216
252
216
252
252
191
215
251
915
215
251
915
251
915
915
210
214
228
246
214
228
246
228
246
246
191
209
213
245
209
213
245
213
245
245
176
192
212
216
192
212
216
212
216
216
189
192
211
215
192
211
215
211
215
215
231
236
236
232
234
239
257
234
239
257
239
257
257
232
233
234
271
233
234
271
234
271
271
219
230
235
236
230
235
236
235
236
236
229
238
239
244
238
239
244
239
244
244
240
242
247
261
242
247
261
247
261
261
240
241
242
279
241
242
279
242
279
279
223
238
243
244
238
243
244
243
244
244
237
246
247
252
246
247
252
247
252
252
248
250
951
973
250
951
973
951
973
973
248
249
250
287
249
250
287
250
287
287
227
246
251
252
246
251
252
251
252
252
218
221
234
238
221
234
238
234
238
238
217
220
233
220
233
233
236
272
272
219
235
239
271
235
239
271
239
271
271
230
234
256
266
234
256
266
256
266
266
219
229
233
265
229
233
265
233
265
265
196
220
232
236
220
232
236
232
236
236
217
220
231
235
220
231
235
231
235
235
222
225
242
246
225
242
246
242
246
246
221
224
229
241
224
229
241
229
241
241
221
232
244
280
232
244
280
244
280
280
223
243
247
279
243
247
279
247
279
279
238
242
260
274
242
260
274
260
274
274
223
237
241
273
237
241
273
241
273
273
204
224
240
244
224
240
244
240
244
244
221
224
239
243
224
239
243
239
243
243
226
250
937
950
250
937
950
937
950
950
225
228
237
249
228
237
249
237
249
249
225
240
252
288
240
252
288
252
288
288
227
251
287
951
251
287
951
287
951
951
246
250
264
282
250
264
282
264
282
282
227
245
249
281
245
249
281
249
281
281
212
228
248
252
228
248
252
248
252
252
225
228
247
251
228
247
251
247
251
251
267
272
272
268
270
275
293
270
275
293
275
293
293
268
269
270
307
269
270
307
270
307
307
255
266
271
272
266
271
272
271
272
272
265
274
275
280
274
275
280
275
280
280
276
278
283
297
278
283
297
283
297
297
276
277
278
315
277
278
315
278
315
315
259
274
279
280
274
279
280
279
280
280
273
282
283
288
282
283
288
283
288
288
284
286
987
1009
286
987
1009
987
1009
1009
284
285
286
323
285
286
323
286
323
323
263
282
287
288
282
287
288
287
288
288
254
257
270
274
257
270
274
270
274
274
253
256
269
256
269
269
272
308
308
255
271
275
307
271
275
307
275
307
307
266
270
292
302
270
292
302
292
302
302
255
265
269
301
265
269
301
269
301
301
232
256
268
272
256
268
272
268
272
272
253
256
267
271
256
267
271
267
271
271
258
261
278
282
261
278
282
278
282
282
257
260
265
277
260
265
277
265
277
277
257
268
280
316
268
280
316
280
316
316
259
279
283
315
279
283
315
283
315
315
274
278
296
310
278
296
310
296
310
310
259
273
277
309
273
277
309
277
309
309
240
260
276
280
260
276
280
276
280
280
257
260
275
279
260
275
279
275
279
279
262
286
973
986
286
973
986
973
986
986
261
264
273
285
264
273
285
273
285
285
261
276
288
324
276
288
324
288
324
324
263
287
323
987
287
323
987
323
987
987
282
286
300
318
286
300
318
300
318
318
263
281
285
317
281
285
317
285
317
317
248
264
284
288
264
284
288
284
288
288
261
264
283
287
264
283
287
283
287
287
303
308
308
304
306
311
329
306
311
329
311
329
329
304
305
306
343
305
306
343
306
343
343
291
302
307
308
302
307
308
307
308
308
301
310
311
316
310
311
316
311
316
316
312
314
319
333
314
319
333
319
333
333
312
313
314
351
313
314
351
314
351
351
295
310
315
316
310
315
316
315
316
316
309
318
319
324
318
319
324
319
324
324
320
322
1023
1045
322
1023
1045
1023
1045
1045
320
321
322
359
321
322
359
322
359
359
299
318
323
324
318
323
324
323
324
324
290
293
306
310
293
306
310
306
310
310
289
292
305
292
305
305
308
344
344
291
307
311
343
307
311
343
311
343
343
302
306
328
338
306
328
338
328
338
338
291
301
305
337
301
305
337
305
337
337
268
292
304
308
292
304
308
304
308
308
289
292
303
307
292
303
307
303
307
307
294
297
314
318
297
314
318
314
318
318
293
296
301
313
296
301
313
301
313
313
293
304
316
352
304
316
352
316
352
352
295
315
319
351
315
319
351
319
351
351
310
314
332
346
314
332
346
332
346
346
295
309
313
345
309
313
345
313
345
345
276
296
312
316
296
312
316
312
316
316
293
296
311
315
296
311
315
311
315
315
298
322
1009
1022
322
1009
1022
1009
1022
1022
297
300
309
321
300
309
321
309
321
321
297
312
324
360
312
324
360
324
360
360
299
323
359
1023
323
359
1023
359
1023
1023
318
322
336
354
322
336
354
336
354
354
299
317
321
353
317
321
353
321
353
353
284
300
320
324
300
320
324
320
324
324
297
300
319
323
300
319
323
319
323
323
339
344
344
340
342
347
365
342
347
365
347
365
365
340
341
342
379
341
342
379
342
379
379
327
338
343
344
338
343
344
343
344
344
337
346
347
352
346
347
352
347
352
352
348
350
355
369
350
355
369
355
369
369
348
349
350
387
349
350
387
350
387
387
331
346
351
352
346
351
352
351
352
352
345
354
355
360
354
355
360
355
360
360
356
358
1059
1081
358
1059
1081
1059
1081
1081
356
357
358
395
357
358
395
358
395
395
335
354
359
360
354
359
360
359
360
360
326
329
342
346
329
342
346
342
346
346
325
328
341
328
341
341
344
380
380
327
343
347
379
343
347
379
347
379
379
338
342
364
374
342
364
374
364
374
374
327
337
341
373
337
341
373
341
373
373
304
328
340
344
328
340
344
340
344
344
325
328
339
343
328
339
343
339
343
343
330
333
350
354
333
350
354
350
354
354
329
332
337
349
332
337
349
337
349
349
329
340
352
388
340
352
388
352
388
388
331
351
355
387
351
355
387
355
387
387
346
350
368
382
350
368
382
368
382
382
331
345
349
381
345
349
381
349
381
381
312
332
348
352
332
348
352
348
352
352
329
332
347
351
332
347
351
347
351
351
334
358
1045
1058
358
1045
1058
1045
1058
1058
333
336
345
357
336
345
357
345
357
357
333
348
360
396
348
360
396
360
396
396
335
359
395
1059
359
395
1059
395
1059
1059
354
358
372
390
358
372
390
372
390
390
335
353
357
389
353
357
389
357
389
389
320
336
356
360
336
356
360
356
360
360
333
336
355
359
336
355
359
355
359
359
375
380
380
376
378
383
401
378
383
401
383
401
401
376
377
378
415
377
378
415
378
415
415
363
374
379
380
374
379
380
379
380
380
373
382
383
388
382
383
388
383
388
388
384
386
391
405
386
391
405
391
405
405
384
385
386
423
385
386
423
386
423
423
367
382
387
388
382
387
388
387
388
388
381
390
391
396
390
391
396
391
396
396
392
394
1095
1117
394
1095
1117
1095
1117
1117
392
393
394
431
393
394
431
394
431
431
371
390
395
396
390
395
396
395
396
396
362
365
378
382
365
378
382
378
382
382
361
364
377
364
377
377
380
416
416
363
379
383
415
379
383
415
383
415
415
374
378
400
410
378
400
410
400
410
410
363
373
377
409
373
377
409
377
409
409
340
364
376
380
364
376
380
376
380
380
361
364
375
379
364
375
379
375
379
379
366
369
386
390
369
386
390
386
390
390
365
368
373
385
368
373
385
373
385
385
365
376
388
424
376
388
424
388
424
424
367
387
391
423
387
391
423
391
423
423
382
386
404
418
386
404
418
404
418
418
367
381
385
417
381
385
417
385
417
417
348
368
384
388
368
384
388
384
388
388
365
368
383
387
368
383
387
383
387
387
370
394
1081
1094
394
1081
1094
1081
1094
1094
369
372
381
393
372
381
393
381
393
393
369
384
396
432
384
396
432
396
432
432
371
395
431
1095
395
431
1095
431
1095
1095
390
394
408
426
394
408
426
408
426
426
371
389
393
425
389
393
425
393
425
425
356
372
392
396
372
392
396
392
396
396
369
372
391
395
372
391
395
391
395
395
411
416
416
412
414
419
437
414
419
437
419
437
437
412
413
414
451
413
414
451
414
451
451
399
410
415
416
410
415
416
415
416
416
409
418
419
424
418
419
424
419
424
424
420
422
427
441
422
427
441
427
441
441
420
421
422
459
421
422
459
422
459
459
403
418
423
424
418
423
424
423
424
424
417
426
427
432
426
427
432
427
432
432
428
430
1131
1153
430
1131
1153
1131
1153
1153
428
429
430
467
429
430
467
430
467
467
407
426
431
432
426
431
432
431
432
432
398
401
414
418
401
414
418
414
418
418
397
400
413
400
413
413
416
452
452
399
415
419
451
415
419
451
419
451
451
410
414
436
446
414
436
446
436
446
446
399
409
413
445
409
413
445
413
445
445
376
400
412
416
400
412
416
412
416
416
397
400
411
415
400
411
415
411
415
415
402
405
422
426
405
422
426
422
426
426
401
404
409
421
404
409
421
409
421
421
401
412
424
460
412
424
460
424
460
460
403
423
427
459
423
427
459
427
459
459
418
422
440
454
422
440
454
440
454
454
403
417
421
453
417
421
453
421
453
453
384
404
420
424
404
420
424
420
424
424
401
404
419
423
404
419
423
419
423
423
406
430
1117
1130
430
1117
1130
1117
1130
1130
405
408
417
429
408
417
429
417
429
429
405
420
432
468
420
432
468
432
468
468
407
431
467
1131
431
467
1131
467
1131
1131
426
430
444
462
430
444
462
444
462
462
407
425
429
461
425
429
461
429
461
461
392
408
428
432
408
428
432
428
432
432
405
408
427
431
408
427
431
427
431
431
447
452
452
448
450
455
473
450
455
473
455
473
473
448
449
450
487
449
450
487
450
487
487
435
446
451
452
446
451
452
451
452
452
445
454
455
460
454
455
460
455
460
460
456
458
463
477
458
463
477
463
477
477
456
457
458
495
457
458
495
458
495
495
439
454
459
460
454
459
460
459
460
460
453
462
463
468
462
463
468
463
468
468
464
466
1167
1189
466
1167
1189
1167
1189
1189
464
465
466
503
465
466
503
466
503
503
443
462
467
468
462
467
468
467
468
468
434
437
450
454
437
450
454
450
454
454
433
436
449
436
449
449
452
488
488
435
451
455
487
451
455
487
455
487
487
446
450
472
482
450
472
482
472
482
482
435
445
449
481
445
449
481
449
481
481
412
436
448
452
436
448
452
448
452
452
433
436
447
451
436
447
451
447
451
451
438
441
458
462
441
458
462
458
462
462
437
440
445
457
440
445
457
445
457
457
437
448
460
496
448
460
496
460
496
496
439
459
463
495
459
463
495
463
495
495
454
458
476
490
458
476
490
476
490
490
439
453
457
489
453
457
489
457
489
489
420
440
456
460
440
456
460
456
460
460
437
440
455
459
440
455
459
455
459
459
442
466
1153
1166
466
1153
1166
1153
1166
1166
441
444
453
465
444
453
465
453
465
465
441
456
468
504
456
468
504
468
504
504
443
467
503
1167
467
503
1167
503
1167
1167
462
466
480
498
466
480
498
480
498
498
443
461
465
497
461
465
497
465
497
497
428
444
464
468
444
464
468
464
468
468
441
444
463
467
444
463
467
463
467
467
483
488
488
484
486
491
509
486
491
509
491
509
509
484
485
486
523
485
486
523
486
523
523
471
482
487
488
482
487
488
487
488
488
481
490
491
496
490
491
496
491
496
496
492
494
499
513
494
499
513
499
513
513
492
493
494
531
493
494
531
494
531
531
475
490
495
496
490
495
496
495
496
496
489
498
499
504
498
499
504
499
504
504
500
502
1203
1225
502
1203
1225
1203
1225
1225
500
501
502
539
501
502
539
502
539
539
479
498
503
504
498
503
504
503
504
504
470
473
486
490
473
486
490
486
490
490
469
472
485
472
485
485
488
524
524
471
487
491
523
487
491
523
491
523
523
482
486
508
518
486
508
518
508
518
518
471
481
485
517
481
485
517
485
517
517
448
472
484
488
472
484
488
484
488
488
469
472
483
487
472
483
487
483
487
487
474
477
494
498
477
494
498
494
498
498
473
476
481
493
476
481
493
481
493
493
473
484
496
532
484
496
532
496
532
532
475
495
499
531
495
499
531
499
531
531
490
494
512
526
494
512
526
512
526
526
475
489
493
525
489
493
525
493
525
525
456
476
492
496
476
492
496
492
496
496
473
476
491
495
476
491
495
491
495
495
478
502
1189
1202
502
1189
1202
1189
1202
1202
477
480
489
501
480
489
501
489
501
501
477
492
504
540
492
504
540
504
540
540
479
503
539
1203
503
539
1203
539
1203
1203
498
502
516
534
502
516
534
516
534
534
479
497
501
533
497
501
533
501
533
533
464
480
500
504
480
500
504
500
504
504
477
480
499
503
480
499
503
499
503
503
519
524
524
520
522
527
545
522
527
545
527
545
545
520
521
522
559
521
522
559
522
559
559
507
518
523
524
518
523
524
523
524
524
517
526
527
532
526
527
532
527
532
532
528
530
535
549
530
535
549
535
549
549
528
529
530
567
529
530
567
530
567
567
511
526
531
532
526
531
532
531
532
532
525
534
535
540
534
535
540
535
540
540
536
538
1239
1261
538
1239
1261
1239
1261
1261
536
537
538
575
537
538
575
538
575
575
515
534
539
540
534
539
540
539
540
540
506
509
522
526
509
522
526
522
526
526
505
508
521
508
521
521
524
560
560
507
523
527
559
523
527
559
527
559
559
518
522
544
554
522
544
554
544
554
554
507
517
521
553
517
521
553
521
553
553
484
508
520
524
508
520
524
520
524
524
505
508
519
523
508
519
523
519
523
523
510
513
530
534
513
530
534
530
534
534
509
512
517
529
512
517
529
517
529
529
509
520
532
568
520
532
568
532
568
568
511
531
535
567
531
535
567
535
567
567
526
530
548
562
530
548
562
548
562
562
511
525
529
561
525
529
561
529
561
561
492
512
528
532
512
528
532
528
532
532
509
512
527
531
512
527
531
527
531
531
514
538
1225
1238
538
1225
1238
1225
1238
1238
513
516
525
537
516
525
537
525
537
537
513
528
540
576
528
540
576
540
576
576
515
539
575
1239
539
575
1239
575
1239
1239
534
538
552
570
538
552
570
552
570
570
515
533
537
569
533
537
569
537
569
569
500
516
536
540
516
536
540
536
540
540
513
516
535
539
516
535
539
535
539
539
555
560
560
556
558
563
581
558
563
581
563
581
581
556
557
558
595
557
558
595
558
595
595
543
554
559
560
554
559
560
559
560
560
553
562
563
568
562
563
568
563
568
568
564
566
571
585
566
571
585
571
585
585
564
565
566
603
565
566
603
566
603
603
547
562
567
568
562
567
568
567
568
568
561
570
571
576
570
571
576
571
576
576
572
574
1275
1297
574
1275
1297
1275
1297
1297
572
573
574
611
573
574
611
574
611
611
551
570
575
576
570
575
576
575
576
576
542
545
558
562
545
558
562
558
562
562
541
544
557
544
557
557
560
596
596
543
559
563
595
559
563
595
563
595
595
554
558
580
590
558
580
590
580
590
590
543
553
557
589
553
557
589
557
589
589
520
544
556
560
544
556
560
556
560
560
541
544
555
559
544
555
559
555
559
559
546
549
566
570
549
566
570
566
570
570
545
548
553
565
548
553
565
553
565
565
545
556
568
604
556
568
604
568
604
604
547
567
571
603
567
571
603
571
603
603
562
566
584
598
566
584
598
584
598
598
547
561
565
597
561
565
597
565
597
597
528
548
564
568
548
564
568
564
568
568
545
548
563
567
548
563
567
563
567
567
550
574
1261
1274
574
1261
1274
1261
1274
1274
549
552
561
573
552
561
573
561
573
573
549
564
576
612
564
576
612
576
612
612
551
575
611
1275
575
611
1275
611
1275
1275
570
574
588
606
574
588
606
588
606
606
551
569
573
605
569
573
605
573
605
605
536
552
572
576
552
572
576
572
576
576
549
552
571
575
552
571
575
571
575
575
591
596
596
592
594
599
617
594
599
617
599
617
617
592
593
594
631
593
594
631
594
631
631
579
590
595
596
590
595
596
595
596
596
589
598
599
604
598
599
604
599
604
604
600
602
607
621
602
607
621
607
621
621
600
601
602
639
601
602
639
602
639
639
583
598
603
604
598
603
604
603
604
604
597
606
607
612
606
607
612
607
612
612
608
610
1311
1333
610
1311
1333
1311
1333
1333
608
609
610
647
609
610
647
610
647
647
587
606
611
612
606
611
612
611
612
612
578
581
594
598
581
594
598
594
598
598
577
580
593
580
593
593
596
632
632
579
595
599
631
595
599
631
599
631
631
590
594
616
626
594
616
626
616
626
626
579
589
593
625
589
593
625
593
625
625
556
580
592
596
580
592
596
592
596
596
577
580
591
595
580
591
595
591
595
595
582
585
602
606
585
602
606
602
606
606
581
584
589
601
584
589
601
589
601
601
581
592
604
640
592
604
640
604
640
640
583
603
607
639
603
607
639
607
639
639
598
602
620
634
602
620
634
620
634
634
583
597
601
633
597
601
633
601
633
633
564
584
600
604
584
600
604
600
604
604
581
584
599
603
584
599
603
599
603
603
586
610
1297
1310
610
1297
1310
1297
1310
1310
585
588
597
609
588
597
609
597
609
609
585
600
612
648
600
612
648
612
648
648
587
611
647
1311
611
647
1311
647
1311
1311
606
610
624
642
610
624
642
624
642
642
587
605
609
641
605
609
641
609
641
641
572
588
608
612
588
608
612
608
612
612
585
588
607
611
588
607
611
607
611
611
627
632
632
628
630
635
653
630
635
653
635
653
653
628
629
630
667
629
630
667
630
667
667
615
626
631
632
626
631
632
631
632
632
625
634
635
640
634
635
640
635
640
640
636
638
643
657
638
643
657
643
657
657
636
637
638
675
637
638
675
638
675
675
619
634
639
640
634
639
640
639
640
640
633
642
643
648
642
643
648
643
648
648
644
646
1347
1369
646
1347
1369
1347
1369
1369
644
645
646
683
645
646
683
646
683
683
623
642
647
648
642
647
648
647
648
648
614
617
630
634
617
630
634
630
634
634
613
616
629
616
629
629
632
668
668
615
631
635
667
631
635
667
635
667
667
626
630
652
662
630
652
662
652
662
662
615
625
629
661
625
629
661
629
661
661
592
616
628
632
616
628
632
628
632
632
613
616
627
631
616
627
631
627
631
631
618
621
638
642
621
638
642
638
642
642
617
620
625
637
620
625
637
625
637
637
617
628
640
676
628
640
676
640
676
676
619
639
643
675
639
643
675
643
675
675
634
638
656
670
638
656
670
656
670
670
619
633
637
669
633
637
669
637
669
669
600
620
636
640
620
636
640
636
640
640
617
620
635
639
620
635
639
635
639
639
622
646
1333
1346
646
1333
1346
1333
1346
1346
621
624
633
645
624
633
645
633
645
645
621
636
648
684
636
648
684
648
684
684
623
647
683
1347
647
683
1347
683
1347
1347
642
646
660
678
646
660
678
660
678
678
623
641
645
677
641
645
677
645
677
677
608
624
644
648
624
644
648
644
648
648
621
624
643
647
624
643
647
643
647
647
663
668
668
664
666
671
689
666
671
689
671
689
689
664
665
666
703
665
666
703
666
703
703
651
662
667
668
662
667
668
667
668
668
661
670
671
676
670
671
676
671
676
676
672
674
679
693
674
679
693
679
693
693
672
673
674
711
673
674
711
674
711
711
655
670
675
676
670
675
676
675
676
676
669
678
679
684
678
679
684
679
684
684
680
682
1383
1405
682
1383
1405
1383
1405
1405
680
681
682
719
681
682
719
682
719
719
659
678
683
684
678
683
684
683
684
684
650
653
666
670
653
666
670
666
670
670
649
652
665
652
665
665
668
704
704
651
667
671
703
667
671
703
671
703
703
662
666
688
698
666
688
698
688
698
698
651
661
665
697
661
665
697
665
697
697
628
652
664
668
652
664
668
664
668
668
649
652
663
667
652
663
667
663
667
667
654
657
674
678
657
674
678
674
678
678
653
656
661
673
656
661
673
661
673
673
653
664
676
712
664
676
712
676
712
712
655
675
679
711
675
679
711
679
711
711
670
674
692
706
674
692
706
692
706
706
655
669
673
705
669
673
705
673
705
705
636
656
672
676
656
672
676
672
676
676
653
656
671
675
656
671
675
671
675
675
658
682
1369
1382
682
1369
1382
1369
1382
1382
657
660
669
681
660
669
681
669
681
681
657
672
684
720
672
684
720
684
720
720
659
683
719
1383
683
719
1383
719
1383
1383
678
682
696
714
682
696
714
696
714
714
659
677
681
713
677
681
713
681
713
713
644
660
680
684
660
680
684
680
684
684
657
660
679
683
660
679
683
679
683
683
699
704
704
700
702
707
702
707
707
700
701
702
701
702
702
687
698
703
704
698
703
704
703
704
704
697
706
707
712
706
707
712
707
712
712
708
710
715
710
715
715
708
709
710
709
710
710
691
706
711
712
706
711
712
711
712
712
705
714
715
720
714
715
720
715
720
720
716
718
1419
718
1419
1419
716
717
718
717
718
718
695
714
719
720
714
719
720
719
720
720
686
689
702
706
689
702
706
702
706
706
685
688
701
688
701
701
704
687
703
707
703
707
707
698
702
702
687
697
701
697
701
701
664
688
700
704
688
700
704
700
704
704
685
688
699
703
688
699
703
699
703
703
690
693
710
714
693
710
714
710
714
714
689
692
697
709
692
697
709
697
709
709
689
700
712
700
712
712
691
711
715
711
715
715
706
710
710
691
705
709
705
709
709
672
692
708
712
692
708
712
708
712
712
689
692
707
711
692
707
711
707
711
711
694
718
1405
1418
718
1405
1418
1405
1418
1418
693
696
705
717
696
705
717
705
717
717
693
708
720
708
720
720
695
719
1419
719
1419
1419
714
718
718
695
713
717
713
717
717
680
696
716
720
696
716
720
716
720
720
693
696
715
719
696
715
719
715
719
719
734
735
740
735
740
740
736
738
743
761
738
743
761
743
761
761
736
737
738
775
737
738
775
738
775
775
734
739
740
739
740
740
742
743
748
743
748
748
744
746
751
765
746
751
765
751
765
765
744
745
746
783
745
746
783
746
783
783
742
747
748
747
748
748
750
751
756
751
756
756
752
754
1455
1477
754
1455
1477
1455
1477
1477
752
753
754
791
753
754
791
754
791
791
750
755
756
755
756
756
725
738
742
738
742
742
721
724
737
724
737
737
32
721
740
776
721
740
776
740
776
776
723
739
743
775
739
743
775
743
775
775
734
738
760
770
738
760
770
760
770
770
723
733
737
769
733
737
769
737
769
769
736
740
740
724
735
739
735
739
739
729
746
750
746
750
750
728
733
745
733
745
745
725
736
748
784
736
748
784
748
784
784
727
747
751
783
747
751
783
751
783
783
742
746
764
778
746
764
778
764
778
778
727
741
745
777
741
745
777
745
777
777
744
748
748
728
743
747
743
747
747
754
1441
1454
1441
1454
1454
732
741
753
741
753
753
729
744
756
792
744
756
792
756
792
792
731
755
791
1455
755
791
1455
791
1455
1455
750
754
768
786
754
768
786
768
786
786
731
749
753
785
749
753
785
753
785
785
752
756
756
732
751
755
751
755
755
65
770
771
776
770
771
776
771
776
776
772
774
779
797
774
779
797
779
797
797
772
773
774
811
773
774
811
774
811
811
759
770
775
776
770
775
776
775
776
776
769
778
779
784
778
779
784
779
784
784
780
782
787
801
782
787
801
787
801
801
780
781
782
819
781
782
819
782
819
819
763
778
783
784
778
783
784
783
784
784
777
786
787
792
786
787
792
787
792
792
788
790
1491
1513
790
1491
1513
1491
1513
1513
788
789
790
827
789
790
827
790
827
827
767
786
791
792
786
791
792
791
792
792
758
761
774
778
761
774
778
774
778
778
737
757
760
773
757
760
773
760
773
773
68
757
776
812
757
776
812
776
812
812
759
775
779
811
775
779
811
779
811
811
770
774
796
806
774
796
806
796
806
806
759
769
773
805
769
773
805
773
805
805
736
760
772
776
760
772
776
772
776
776
757
760
771
775
760
771
775
771
775
775
762
765
782
786
765
782
786
782
786
786
761
764
769
781
764
769
781
769
781
781
761
772
784
820
772
784
820
784
820
820
763
783
787
819
783
787
819
787
819
819
778
782
800
814
782
800
814
800
814
814
763
777
781
813
777
781
813
781
813
813
744
764
780
784
764
780
784
780
784
784
761
764
779
783
764
779
783
779
783
783
766
790
1477
1490
790
1477
1490
1477
1490
1490
765
768
777
789
768
777
789
777
789
789
765
780
792
828
780
792
828
792
828
828
767
791
827
1491
791
827
1491
827
1491
1491
786
790
804
822
790
804
822
804
822
822
767
785
789
821
785
789
821
789
821
821
752
768
788
792
768
788
792
788
792
792
765
768
787
791
768
787
791
787
791
791
101
806
807
812
806
807
812
807
812
812
808
810
815
833
810
815
833
815
833
833
808
809
810
847
809
810
847
810
847
847
795
806
811
812
806
811
812
811
812
812
805
814
815
820
814
815
820
815
820
820
816
818
823
837
818
823
837
823
837
837
816
817
818
855
817
818
855
818
855
855
799
814
819
820
814
819
820
819
820
820
813
822
823
828
822
823
828
823
828
828
824
826
1527
1549
826
1527
1549
1527
1549
1549
824
825
826
863
825
826
863
826
863
863
803
822
827
828
822
827
828
827
828
828
794
797
810
814
797
810
814
810
814
814
773
793
796
809
793
796
809
796
809
809
104
793
812
848
793
812
848
812
848
848
795
811
815
847
811
815
847
815
847
847
806
810
832
842
810
832
842
832
842
842
795
805
809
841
805
809
841
809
841
841
772
796
808
812
796
808
812
808
812
812
793
796
807
811
796
807
811
807
811
811
798
801
818
822
801
818
822
818
822
822
797
800
805
817
800
805
817
805
817
817
797
808
820
856
808
820
856
820
856
856
799
819
823
855
819
823
855
823
855
855
814
818
836
850
818
836
850
836
850
850
799
813
817
849
813
817
849
817
849
849
780
800
816
820
800
816
820
816
820
820
797
800
815
819
800
815
819
815
819
819
802
826
1513
1526
826
1513
1526
1513
1526
1526
801
804
813
825
804
813
825
813
825
825
801
816
828
864
816
828
864
828
864
864
803
827
863
1527
827
863
1527
863
1527
1527
822
826
840
858
826
840
858
840
858
858
803
821
825
857
821
825
857
825
857
857
788
804
824
828
804
824
828
824
828
828
801
804
823
827
804
823
827
823
827
827
137
842
843
848
842
843
848
843
848
848
844
846
851
869
846
851
869
851
869
869
844
845
846
883
845
846
883
846
883
883
831
842
847
848
842
847
848
847
848
848
841
850
851
856
850
851
856
851
856
856
852
854
859
873
854
859
873
859
873
873
852
853
854
891
853
854
891
854
891
891
835
850
855
856
850
855
856
855
856
856
849
858
859
864
858
859
864
859
864
864
860
862
1563
1585
862
1563
1585
1563
1585
1585
860
861
862
899
861
862
899
862
899
899
839
858
863
864
858
863
864
863
864
864
830
833
846
850
833
846
850
846
850
850
809
829
832
845
829
832
845
832
845
845
140
829
848
884
829
848
884
848
884
884
831
847
851
883
847
851
883
851
883
883
842
846
868
878
846
868
878
868
878
878
831
841
845
877
841
845
877
845
877
877
808
832
844
848
832
844
848
844
848
848
829
832
843
847
832
843
847
843
847
847
834
837
854
858
837
854
858
854
858
858
833
836
841
853
836
841
853
841
853
853
833
844
856
892
844
856
892
856
892
892
835
855
859
891
855
859
891
859
891
891
850
854
872
886
854
872
886
872
886
886
835
849
853
885
849
853
885
853
885
885
816
836
852
856
836
852
856
852
856
856
833
836
851
855
836
851
855
851
855
855
838
862
1549
1562
862
1549
1562
1549
1562
1562
837
840
849
861
840
849
861
849
861
861
837
852
864
900
852
864
900
864
900
900
839
863
899
1563
863
899
1563
899
1563
1563
858
862
876
894
862
876
894
876
894
894
839
857
861
893
857
861
893
861
893
893
824
840
860
864
840
860
864
860
864
864
837
840
859
863
840
859
863
859
863
863
173
878
879
884
878
879
884
879
884
884
880
882
887
905
882
887
905
887
905
905
880
881
882
919
881
882
919
882
919
919
867
878
883
884
878
883
884
883
884
884
877
886
887
892
886
887
892
887
892
892
888
890
895
909
890
895
909
895
909
909
888
889
890
927
889
890
927
890
927
927
871
886
891
892
886
891
892
891
892
892
885
894
895
900
894
895
900
895
900
900
896
898
1599
1621
898
1599
1621
1599
1621
1621
896
897
898
935
897
898
935
898
935
935
875
894
899
900
894
899
900
899
900
900
866
869
882
886
869
882
886
882
886
886
845
865
868
881
865
868
881
868
881
881
176
865
884
920
865
884
920
884
920
920
867
883
887
919
883
887
919
887
919
919
878
882
904
914
882
904
914
904
914
914
867
877
881
913
877
881
913
881
913
913
844
868
880
884
868
880
884
880
884
884
865
868
879
883
868
879
883
879
883
883
870
873
890
894
873
890
894
890
894
894
869
872
877
889
872
877
889
877
889
889
869
880
892
928
880
892
928
892
928
928
871
891
895
927
891
895
927
895
927
927
886
890
908
922
890
908
922
908
922
922
871
885
889
921
885
889
921
889
921
921
852
872
888
892
872
888
892
888
892
892
869
872
887
891
872
887
891
887
891
891
874
898
1585
1598
898
1585
1598
1585
1598
1598
873
876
885
897
876
885
897
885
897
897
873
888
900
936
888
900
936
900
936
936
875
899
935
1599
899
935
1599
935
1599
1599
894
898
912
930
898
912
930
912
930
930
875
893
897
929
893
897
929
897
929
929
860
876
896
900
876
896
900
896
900
900
873
876
895
899
876
895
899
895
899
899
209
914
915
920
914
915
920
915
920
920
916
918
923
941
918
923
941
923
941
941
916
917
918
955
917
918
955
918
955
955
903
914
919
920
914
919
920
919
920
920
913
922
923
928
922
923
928
923
928
928
924
926
931
945
926
931
945
931
945
945
924
925
926
963
925
926
963
926
963
963
907
922
927
928
922
927
928
927
928
928
921
930
931
936
930
931
936
931
936
936
932
934
1635
1657
934
1635
1657
1635
1657
1657
932
933
934
971
933
934
971
934
971
971
911
930
935
936
930
935
936
935
936
936
902
905
918
922
905
918
922
918
922
922
881
901
904
917
901
904
917
904
917
917
212
901
920
956
901
920
956
920
956
956
903
919
923
955
919
923
955
923
955
955
914
918
940
950
918
940
950
940
950
950
903
913
917
949
913
917
949
917
949
949
880
904
916
920
904
916
920
916
920
920
901
904
915
919
904
915
919
915
919
919
906
909
926
930
909
926
930
926
930
930
905
908
913
925
908
913
925
913
925
925
905
916
928
964
916
928
964
928
964
964
907
927
931
963
927
931
963
931
963
963
922
926
944
958
926
944
958
944
958
958
907
921
925
957
921
925
957
925
957
957
888
908
924
928
908
924
928
924
928
928
905
908
923
927
908
923
927
923
927
927
910
934
1621
1634
934
1621
1634
1621
1634
1634
909
912
921
933
912
921
933
921
933
933
909
924
936
972
924
936
972
936
972
972
911
935
971
1635
935
971
1635
971
1635
1635
930
934
948
966
934
948
966
948
966
966
911
929
933
965
929
933
965
933
965
965
896
912
932
936
912
932
936
932
936
936
909
912
931
935
912
931
935
931
935
935
245
950
951
956
950
951
956
951
956
956
952
954
959
977
954
959
977
959
977
977
952
953
954
991
953
954
991
954
991
991
939
950
955
956
950
955
956
955
956
956
949
958
959
964
958
959
964
959
964
964
960
962
967
981
962
967
981
967
981
981
960
961
962
999
961
962
999
962
999
999
943
958
963
964
958
963
964
963
964
964
957
966
967
972
966
967
972
967
972
972
968
970
1671
1693
970
1671
1693
1671
1693
1693
968
969
970
1007
969
970
1007
970
1007
1007
947
966
971
972
966
971
972
971
972
972
938
941
954
958
941
954
958
954
958
958
917
937
940
953
937
940
953
940
953
953
248
937
956
992
937
956
992
956
992
992
939
955
959
991
955
959
991
959
991
991
950
954
976
986
954
976
986
976
986
986
939
949
953
985
949
953
985
953
985
985
916
940
952
956
940
952
956
952
956
956
937
940
951
955
940
951
955
951
955
955
942
945
962
966
945
962
966
962
966
966
941
944
949
961
944
949
961
949
961
961
941
952
964
1000
952
964
1000
964
1000
1000
943
963
967
999
963
967
999
967
999
999
958
962
980
994
962
980
994
980
994
994
943
957
961
993
957
961
993
961
993
993
924
944
960
964
944
960
964
960
964
964
941
944
959
963
944
959
963
959
963
963
946
970
1657
1670
970
1657
1670
1657
1670
1670
945
948
957
969
948
957
969
957
969
969
945
960
972
1008
960
972
1008
972
1008
1008
947
971
1007
1671
971
1007
1671
1007
1671
1671
966
970
984
1002
970
984
1002
984
1002
1002
947
965
969
1001
965
969
1001
969
1001
1001
932
948
968
972
948
968
972
968
972
972
945
948
967
971
948
967
971
967
971
971
281
986
987
992
986
987
992
987
992
992
988
990
995
1013
990
995
1013
995
1013
1013
988
989
990
1027
989
990
1027
990
1027
1027
975
986
991
992
986
991
992
991
992
992
985
994
995
1000
994
995
1000
995
1000
1000
996
998
1003
1017
998
1003
1017
1003
1017
1017
996
997
998
1035
997
998
1035
998
1035
1035
979
994
999
1000
994
999
1000
999
1000
1000
993
1002
1003
1008
1002
1003
1008
1003
1008
1008
1004
1006
1707
1729
1006
1707
1729
1707
1729
1729
1004
1005
1006
1043
1005
1006
1043
1006
1043
1043
983
1002
1007
1008
1002
1007
1008
1007
1008
1008
974
977
990
994
977
990
994
990
994
994
953
973
976
989
973
976
989
976
989
989
284
973
992
1028
973
992
1028
992
1028
1028
975
991
995
1027
991
995
1027
995
1027
1027
986
990
1012
1022
990
1012
1022
1012
1022
1022
975
985
989
1021
985
989
1021
989
1021
1021
952
976
988
992
976
988
992
988
992
992
973
976
987
991
976
987
991
987
991
991
978
981
998
1002
981
998
1002
998
1002
1002
977
980
985
997
980
985
997
985
997
997
977
988
1000
1036
988
1000
1036
1000
1036
1036
979
999
1003
1035
999
1003
1035
1003
1035
1035
994
998
1016
1030
998
1016
1030
1016
1030
1030
979
993
997
1029
993
997
1029
997
1029
1029
960
980
996
1000
980
996
1000
996
1000
1000
977
980
995
999
980
995
999
995
999
999
982
1006
1693
1706
1006
1693
1706
1693
1706
1706
981
984
993
1005
984
993
1005
993
1005
1005
981
996
1008
1044
996
1008
1044
1008
1044
1044
983
1007
1043
1707
1007
1043
1707
1043
1707
1707
1002
1006
1020
1038
1006
1020
1038
1020
1038
1038
983
1001
1005
1037
1001
1005
1037
1005
1037
1037
968
984
1004
1008
984
1004
1008
1004
1008
1008
981
984
1003
1007
984
1003
1007
1003
1007
1007
317
1022
1023
1028
1022
1023
1028
1023
1028
1028
1024
1026
1031
1049
1026
1031
1049
1031
1049
1049
1024
1025
1026
1063
1025
1026
1063
1026
1063
1063
1011
1022
1027
1028
1022
1027
1028
1027
1028
1028
1021
1030
1031
1036
1030
1031
1036
1031
1036
1036
1032
1034
1039
1053
1034
1039
1053
1039
1053
1053
1032
1033
1034
1071
1033
1034
1071
1034
1071
1071
1015
1030
1035
1036
1030
1035
1036
1035
1036
1036
1029
1038
1039
1044
1038
1039
1044
1039
1044
1044
1040
1042
1743
1765
1042
1743
1765
1743
1765
1765
1040
1041
1042
1079
1041
1042
1079
1042
1079
1079
1019
1038
1043
1044
1038
1043
1044
1043
1044
1044
1010
1013
1026
1030
1013
1026
1030
1026
1030
1030
989
1009
1012
1025
1009
1012
1025
1012
1025
1025
320
1009
1028
1064
1009
1028
1064
1028
1064
1064
1011
1027
1031
1063
1027
1031
1063
1031
1063
1063
1022
1026
1048
1058
1026
1048
1058
1048
1058
1058
1011
1021
1025
1057
1021
1025
1057
1025
1057
1057
988
1012
1024
1028
1012
1024
1028
1024
1028
1028
1009
1012
1023
1027
1012
1023
1027
1023
1027
1027
1014
1017
1034
1038
1017
1034
1038
1034
1038
1038
1013
1016
1021
1033
1016
1021
1033
1021
1033
1033
1013
1024
1036
1072
1024
1036
1072
1036
1072
1072
1015
1035
1039
1071
1035
1039
1071
1039
1071
1071
1030
1034
1052
1066
1034
1052
1066
1052
1066
1066
1015
1029
1033
1065
1029
1033
1065
1033
1065
1065
996
1016
1032
1036
1016
1032
1036
1032
1036
1036
1013
1016
1031
1035
1016
1031
1035
1031
1035
1035
1018
1042
1729
1742
1042
1729
1742
1729
1742
1742
1017
1020
1029
1041
1020
1029
1041
1029
1041
1041
1017
1032
1044
1080
1032
1044
1080
1044
1080
1080
1019
1043
1079
1743
1043
1079
1743
1079
1743
1743
1038
1042
1056
1074
1042
1056
1074
1056
1074
1074
1019
1037
1041
1073
1037
1041
1073
1041
1073
1073
1004
1020
1040
1044
1020
1040
1044
1040
1044
1044
1017
1020
1039
1043
1020
1039
1043
1039
1043
1043
353
1058
1059
1064
1058
1059
1064
1059
1064
1064
1060
1062
1067
1085
1062
1067
1085
1067
1085
1085
1060
1061
1062
1099
1061
1062
1099
1062
1099
1099
1047
1058
1063
1064
1058
1063
1064
1063
1064
1064
1057
1066
1067
1072
1066
1067
1072
1067
1072
1072
1068
1070
1075
1089
1070
1075
1089
1075
1089
1089
1068
1069
1070
1107
1069
1070
1107
1070
1107
1107
1051
1066
1071
1072
1066
1071
1072
1071
1072
1072
1065
1074
1075
1080
1074
1075
1080
1075
1080
1080
1076
1078
1779
1801
1078
1779
1801
1779
1801
1801
1076
1077
1078
1115
1077
1078
1115
1078
1115
1115
1055
1074
1079
1080
1074
1079
1080
1079
1080
1080
1046
1049
1062
1066
1049
1062
1066
1062
1066
1066
1025
1045
1048
1061
1045
1048
1061
1048
1061
1061
356
1045
1064
1100
1045
1064
1100
1064
1100
1100
1047
1063
1067
1099
1063
1067
1099
1067
1099
1099
1058
1062
1084
1094
1062
1084
1094
1084
1094
1094
1047
1057
1061
1093
1057
1061
1093
1061
1093
1093
1024
1048
1060
1064
1048
1060
1064
1060
1064
1064
1045
1048
1059
1063
1048
1059
1063
1059
1063
1063
1050
1053
1070
1074
1053
1070
1074
1070
1074
1074
1049
1052
1057
1069
1052
1057
1069
1057
1069
1069
1049
1060
1072
1108
1060
1072
1108
1072
1108
1108
1051
1071
1075
1107
1071
1075
1107
1075
1107
1107
1066
1070
1088
1102
1070
1088
1102
1088
1102
1102
1051
1065
1069
1101
1065
1069
1101
1069
1101
1101
1032
1052
1068
1072
1052
1068
1072
1068
1072
1072
1049
1052
1067
1071
1052
1067
1071
1067
1071
1071
1054
1078
1765
1778
1078
1765
1778
1765
1778
1778
1053
1056
1065
1077
1056
1065
1077
1065
1077
1077
1053
1068
1080
1116
1068
1080
1116
1080
1116
1116
1055
1079
1115
1779
1079
1115
1779
1115
1779
1779
1074
1078
1092
1110
1078
1092
1110
1092
1110
1110
1055
1073
1077
1109
1073
1077
1109
1077
1109
1109
1040
1056
1076
1080
1056
1076
1080
1076
1080
1080
1053
1056
1075
1079
1056
1075
1079
1075
1079
1079
389
1094
1095
1100
1094
1095
1100
1095
1100
1100
1096
1098
1103
1121
1098
1103
1121
1103
1121
1121
1096
1097
1098
1135
1097
1098
1135
1098
1135
1135
1083
1094
1099
1100
1094
1099
1100
1099
1100
1100
1093
1102
1103
1108
1102
1103
1108
1103
1108
1108
1104
1106
1111
1125
1106
1111
1125
1111
1125
1125
1104
1105
1106
1143
1105
1106
1143
1106
1143
1143
1087
1102
1107
1108
1102
1107
1108
1107
1108
1108
1101
1110
1111
1116
1110
1111
1116
1111
1116
1116
1112
1114
1815
1837
1114
1815
1837
1815
1837
1837
1112
1113
1114
1151
1113
1114
1151
1114
1151
1151
1091
1110
1115
1116
1110
1115
1116
1115
1116
1116
1082
1085
1098
1102
1085
1098
1102
1098
1102
1102
1061
1081
1084
1097
1081
1084
1097
1084
1097
1097
392
1081
1100
1136
1081
1100
1136
1100
1136
1136
1083
1099
1103
1135
1099
1103
1135
1103
1135
1135
1094
1098
1120
1130
1098
1120
1130
1120
1130
1130
1083
1093
1097
1129
1093
1097
1129
1097
1129
1129
1060
1084
1096
1100
1084
1096
1100
1096
1100
1100
1081
1084
1095
1099
1084
1095
1099
1095
1099
1099
1086
1089
1106
1110
1089
1106
1110
1106
1110
1110
1085
1088
1093
1105
1088
1093
1105
1093
1105
1105
1085
1096
1108
1144
1096
1108
1144
1108
1144
1144
1087
1107
1111
1143
1107
1111
1143
1111
1143
1143
1102
1106
1124
1138
1106
1124
1138
1124
1138
1138
1087
1101
1105
1137
1101
1105
1137
1105
1137
1137
1068
1088
1104
1108
1088
1104
1108
1104
1108
1108
1085
1088
1103
1107
1088
1103
1107
1103
1107
1107
1090
1114
1801
1814
1114
1801
1814
1801
1814
1814
1089
1092
1101
1113
1092
1101
1113
1101
1113
1113
1089
1104
1116
1152
1104
1116
1152
1116
1152
1152
1091
1115
1151
1815
1115
1151
1815
1151
1815
1815
1110
1114
1128
1146
1114
1128
1146
1128
1146
1146
1091
1109
1113
1145
1109
1113
1145
1113
1145
1145
1076
1092
1112
1116
1092
1112
1116
1112
1116
1116
1089
1092
1111
1115
1092
1111
1115
1111
1115
1115
425
1130
1131
1136
1130
1131
1136
1131
1136
1136
1132
1134
1139
1157
1134
1139
1157
1139
1157
1157
1132
1133
1134
1171
1133
1134
1171
1134
1171
1171
1119
1130
1135
1136
1130
1135
1136
1135
1136
1136
1129
1138
1139
1144
1138
1139
1144
1139
1144
1144
1140
1142
1147
1161
1142
1147
1161
1147
1161
1161
1140
1141
1142
1179
1141
1142
1179
1142
1179
1179
1123
1138
1143
1144
1138
1143
1144
1143
1144
1144
1137
1146
1147
1152
1146
1147
1152
1147
1152
1152
1148
1150
1851
1873
1150
1851
1873
1851
1873
1873
1148
1149
1150
1187
1149
1150
1187
1150
1187
1187
1127
1146
1151
1152
1146
1151
1152
1151
1152
1152
1118
1121
1134
1138
1121
1134
1138
1134
1138
1138
1097
1117
1120
1133
1117
1120
1133
1120
1133
1133
428
1117
1136
1172
1117
1136
1172
1136
1172
1172
1119
1135
1139
1171
1135
1139
1171
1139
1171
1171
1130
1134
1156
1166
1134
1156
1166
1156
1166
1166
1119
1129
1133
1165
1129
1133
1165
1133
1165
1165
1096
1120
1132
1136
1120
1132
1136
1132
1136
1136
1117
1120
1131
1135
1120
1131
1135
1131
1135
1135
1122
1125
1142
1146
1125
1142
1146
1142
1146
1146
1121
1124
1129
1141
1124
1129
1141
1129
1141
1141
1121
1132
1144
1180
1132
1144
1180
1144
1180
1180
1123
1143
1147
1179
1143
1147
1179
1147
1179
1179
1138
1142
1160
1174
1142
1160
1174
1160
1174
1174
1123
1137
1141
1173
1137
1141
1173
1141
1173
1173
1104
1124
1140
1144
1124
1140
1144
1140
1144
1144
1121
1124
1139
1143
1124
1139
1143
1139
1143
1143
1126
1150
1837
1850
1150
1837
1850
1837
1850
1850
1125
1128
1137
1149
1128
1137
1149
1137
1149
1149
1125
1140
1152
1188
1140
1152
1188
1152
1188
1188
1127
1151
1187
1851
1151
1187
1851
1187
1851
1851
1146
1150
1164
1182
1150
1164
1182
1164
1182
1182
1127
1145
1149
1181
1145
1149
1181
1149
1181
1181
1112
1128
1148
1152
1128
1148
1152
1148
1152
1152
1125
1128
1147
1151
1128
1147
1151
1147
1151
1151
461
1166
1167
1172
1166
1167
1172
1167
1172
1172
1168
1170
1175
1193
1170
1175
1193
1175
1193
1193
1168
1169
1170
1207
1169
1170
1207
1170
1207
1207
1155
1166
1171
1172
1166
1171
1172
1171
1172
1172
1165
1174
1175
1180
1174
1175
1180
1175
1180
1180
1176
1178
1183
1197
1178
1183
1197
1183
1197
1197
1176
1177
1178
1215
1177
1178
1215
1178
1215
1215
1159
1174
1179
1180
1174
1179
1180
1179
1180
1180
1173
1182
1183
1188
1182
1183
1188
1183
1188
1188
1184
1186
1887
1909
1186
1887
1909
1887
1909
1909
1184
1185
1186
1223
1185
1186
1223
1186
1223
1223
1163
1182
1187
1188
1182
1187
1188
1187
1188
1188
1154
1157
1170
1174
1157
1170
1174
1170
1174
1174
1133
1153
1156
1169
1153
1156
1169
1156
1169
1169
464
1153
1172
1208
1153
1172
1208
1172
1208
1208
1155
1171
1175
1207
1171
1175
1207
1175
1207
1207
1166
1170
1192
1202
1170
1192
1202
1192
1202
1202
1155
1165
1169
1201
1165
1169
1201
1169
1201
1201
1132
1156
1168
1172
1156
1168
1172
1168
1172
1172
1153
1156
1167
1171
1156
1167
1171
1167
1171
1171
1158
1161
1178
1182
1161
1178
1182
1178
1182
1182
1157
1160
1165
1177
1160
1165
1177
1165
1177
1177
1157
1168
1180
1216
1168
1180
1216
1180
1216
1216
1159
1179
1183
1215
1179
1183
1215
1183
1215
1215
1174
1178
1196
1210
1178
1196
1210
1196
1210
1210
1159
1173
1177
1209
1173
1177
1209
1177
1209
1209
1140
1160
1176
1180
1160
1176
1180
1176
1180
1180
1157
1160
1175
1179
1160
1175
1179
1175
1179
1179
1162
1186
1873
1886
1186
1873
1886
1873
1886
1886
1161
1164
1173
1185
1164
1173
1185
1173
1185
1185
1161
1176
1188
1224
1176
1188
1224
1188
1224
1224
1163
1187
1223
1887
1187
1223
1887
1223
1887
1887
1182
1186
1200
1218
1186
1200
1218
1200
1218
1218
1163
1181
1185
1217
1181
1185
1217
1185
1217
1217
1148
1164
1184
1188
1164
1184
1188
1184
1188
1188
1161
1164
1183
1187
1164
1183
1187
1183
1187
1187
497
1202
1203
1208
1202
1203
1208
1203
1208
1208
1204
1206
1211
1229
1206
1211
1229
1211
1229
1229
1204
1205
1206
1243
1205
1206
1243
1206
1243
1243
1191
1202
1207
1208
1202
1207
1208
1207
1208
1208
1201
1210
1211
1216
1210
1211
1216
1211
1216
1216
1212
1214
1219
1233
1214
1219
1233
1219
1233
1233
1212
1213
1214
1251
1213
1214
1251
1214
1251
1251
1195
1210
1215
1216
1210
1215
1216
1215
1216
1216
1209
1218
1219
1224
1218
1219
1224
1219
1224
1224
1220
1222
1923
1945
1222
1923
1945
1923
1945
1945
1220
1221
1222
1259
1221
1222
1259
1222
1259
1259
1199
1218
1223
1224
1218
1223
1224
1223
1224
1224
1190
1193
1206
1210
1193
1206
1210
1206
1210
1210
1169
1189
1192
1205
1189
1192
1205
1192
1205
1205
500
1189
1208
1244
1189
1208
1244
1208
1244
1244
1191
1207
1211
1243
1207
1211
1243
1211
1243
1243
1202
1206
1228
1238
1206
1228
1238
1228
1238
1238
1191
1201
1205
1237
1201
1205
1237
1205
1237
1237
1168
1192
1204
1208
1192
1204
1208
1204
1208
1208
1189
1192
1203
1207
1192
1203
1207
1203
1207
1207
1194
1197
1214
1218
1197
1214
1218
1214
1218
1218
1193
1196
1201
1213
1196
1201
1213
1201
1213
1213
1193
1204
1216
1252
1204
1216
1252
1216
1252
1252
1195
1215
1219
1251
1215
1219
1251
1219
1251
1251
1210
1214
1232
1246
1214
1232
1246
1232
1246
1246
1195
1209
1213
1245
1209
1213
1245
1213
1245
1245
1176
1196
1212
1216
1196
1212
1216
1212
1216
1216
1193
1196
1211
1215
1196
1211
1215
1211
1215
1215
1198
1222
1909
1922
1222
1909
1922
1909
1922
1922
1197
1200
1209
1221
1200
1209
1221
1209
1221
1221
1197
1212
1224
1260
1212
1224
1260
1224
1260
1260
1199
1223
1259
1923
1223
1259
1923
1259
1923
1923
1218
1222
1236
1254
1222
1236
1254
1236
1254
1254
1199
1217
1221
1253
1217
1221
1253
1221
1253
1253
1184
1200
1220
1224
1200
1220
1224
1220
1224
1224
1197
1200
1219
1223
1200
1219
1223
1219
1223
1223
533
1238
1239
1244
1238
1239
1244
1239
1244
1244
1240
1242
1247
1265
1242
1247
1265
1247
1265
1265
1240
1241
1242
1279
1241
1242
1279
1242
1279
1279
1227
1238
1243
1244
1238
1243
1244
1243
1244
1244
1237
1246
1247
1252
1246
1247
1252
1247
1252
1252
1248
1250
1255
1269
1250
1255
1269
1255
1269
1269
1248
1249
1250
1287
1249
1250
1287
1250
1287
1287
1231
1246
1251
1252
1246
1251
1252
1251
1252
1252
1245
1254
1255
1260
1254
1255
1260
1255
1260
1260
1256
1258
1959
1981
1258
1959
1981
1959
1981
1981
1256
1257
1258
1295
1257
1258
1295
1258
1295
1295
1235
1254
1259
1260
1254
1259
1260
1259
1260
1260
1226
1229
1242
1246
1229
1242
1246
1242
1246
1246
1205
1225
1228
1241
1225
1228
1241
1228
1241
1241
536
1225
1244
1280
1225
1244
1280
1244
1280
1280
1227
1243
1247
1279
1243
1247
1279
1247
1279
1279
1238
1242
1264
1274
1242
1264
1274
1264
1274
1274
1227
1237
1241
1273
1237
1241
1273
1241
1273
1273
1204
1228
1240
1244
1228
1240
1244
1240
1244
1244
1225
1228
1239
1243
1228
1239
1243
1239
1243
1243
1230
1233
1250
1254
1233
1250
1254
1250
1254
1254
1229
1232
1237
1249
1232
1237
1249
1237
1249
1249
1229
1240
1252
1288
1240
1252
1288
1252
1288
1288
1231
1251
1255
1287
1251
1255
1287
1255
1287
1287
1246
1250
1268
1282
1250
1268
1282
1268
1282
1282
1231
1245
1249
1281
1245
1249
1281
1249
1281
1281
1212
1232
1248
1252
1232
1248
1252
1248
1252
1252
1229
1232
1247
1251
1232
1247
1251
1247
1251
1251
1234
1258
1945
1958
1258
1945
1958
1945
1958
1958
1233
1236
1245
1257
1236
1245
1257
1245
1257
1257
1233
1248
1260
1296
1248
1260
1296
1260
1296
1296
1235
1259
1295
1959
1259
1295
1959
1295
1959
1959
1254
1258
1272
1290
1258
1272
1290
1272
1290
1290
1235
1253
1257
1289
1253
1257
1289
1257
1289
1289
1220
1236
1256
1260
1236
1256
1260
1256
1260
1260
1233
1236
1255
1259
1236
1255
1259
1255
1259
1259
569
1274
1275
1280
1274
1275
1280
1275
1280
1280
1276
1278
1283
1301
1278
1283
1301
1283
1301
1301
1276
1277
1278
1315
1277
1278
1315
1278
1315
1315
1263
1274
1279
1280
1274
1279
1280
1279
1280
1280
1273
1282
1283
1288
1282
1283
1288
1283
1288
1288
1284
1286
1291
1305
1286
1291
1305
1291
1305
1305
1284
1285
1286
1323
1285
1286
1323
1286
1323
1323
1267
1282
1287
1288
1282
1287
1288
1287
1288
1288
1281
1290
1291
1296
1290
1291
1296
1291
1296
1296
1292
1294
1995
2017
1294
1995
2017
1995
2017
2017
1292
1293
1294
1331
1293
1294
1331
1294
1331
1331
1271
1290
1295
1296
1290
1295
1296
1295
1296
1296
1262
1265
1278
1282
1265
1278
1282
1278
1282
1282
1241
1261
1264
1277
1261
1264
1277
1264
1277
1277
572
1261
1280
1316
1261
1280
1316
1280
1316
1316
1263
1279
1283
1315
1279
1283
1315
1283
1315
1315
1274
1278
1300
1310
1278
1300
1310
1300
1310
1310
1263
1273
1277
1309
1273
1277
1309
1277
1309
1309
1240
1264
1276
1280
1264
1276
1280
1276
1280
1280
1261
1264
1275
1279
1264
1275
1279
1275
1279
1279
1266
1269
1286
1290
1269
1286
1290
1286
1290
1290
1265
1268
1273
1285
1268
1273
1285
1273
1285
1285
1265
1276
1288
1324
1276
1288
1324
1288
1324
1324
1267
1287
1291
1323
1287
1291
1323
1291
1323
1323
1282
1286
1304
1318
1286
1304
1318
1304
1318
1318
1267
1281
1285
1317
1281
1285
1317
1285
1317
1317
1248
1268
1284
1288
1268
1284
1288
1284
1288
1288
1265
1268
1283
1287
1268
1283
1287
1283
1287
1287
1270
1294
1981
1994
1294
1981
1994
1981
1994
1994
1269
1272
1281
1293
1272
1281
1293
1281
1293
1293
1269
1284
1296
1332
1284
1296
1332
1296
1332
1332
1271
1295
1331
1995
1295
1331
1995
1331
1995
1995
1290
1294
1308
1326
1294
1308
1326
1308
1326
1326
1271
1289
1293
1325
1289
1293
1325
1293
1325
1325
1256
1272
1292
1296
1272
1292
1296
1292
1296
1296
1269
1272
1291
1295
1272
1291
1295
1291
1295
1295
605
1310
1311
1316
1310
1311
1316
1311
1316
1316
1312
1314
1319
1337
1314
1319
1337
1319
1337
1337
1312
1313
1314
1351
1313
1314
1351
1314
1351
1351
1299
1310
1315
1316
1310
1315
1316
1315
1316
1316
1309
1318
1319
1324
1318
1319
1324
1319
1324
1324
1320
1322
1327
1341
1322
1327
1341
1327
1341
1341
1320
1321
1322
1359
1321
1322
1359
1322
1359
1359
1303
1318
1323
1324
1318
1323
1324
1323
1324
1324
1317
1326
1327
1332
1326
1327
1332
1327
1332
1332
1328
1330
2031
2053
1330
2031
2053
2031
2053
2053
1328
1329
1330
1367
1329
1330
1367
1330
1367
1367
1307
1326
1331
1332
1326
1331
1332
1331
1332
1332
1298
1301
1314
1318
1301
1314
1318
1314
1318
1318
1277
1297
1300
1313
1297
1300
1313
1300
1313
1313
608
1297
1316
1352
1297
1316
1352
1316
1352
1352
1299
1315
1319
1351
1315
1319
1351
1319
1351
1351
1310
1314
1336
1346
1314
1336
1346
1336
1346
1346
1299
1309
1313
1345
1309
1313
1345
1313
1345
1345
1276
1300
1312
1316
1300
1312
1316
1312
1316
1316
1297
1300
1311
1315
1300
1311
1315
1311
1315
1315
1302
1305
1322
1326
1305
1322
1326
1322
1326
1326
1301
1304
1309
1321
1304
1309
1321
1309
1321
1321
1301
1312
1324
1360
1312
1324
1360
1324
1360
1360
1303
1323
1327
1359
1323
1327
1359
1327
1359
1359
1318
1322
1340
1354
1322
1340
1354
1340
1354
1354
1303
1317
1321
1353
1317
1321
1353
1321
1353
1353
1284
1304
1320
1324
1304
1320
1324
1320
1324
1324
1301
1304
1319
1323
1304
1319
1323
1319
1323
1323
1306
1330
2017
2030
1330
2017
2030
2017
2030
2030
1305
1308
1317
1329
1308
1317
1329
1317
1329
1329
1305
1320
1332
1368
1320
1332
1368
1332
1368
1368
1307
1331
1367
2031
1331
1367
2031
1367
2031
2031
1326
1330
1344
1362
1330
1344
1362
1344
1362
1362
1307
1325
1329
1361
1325
1329
1361
1329
1361
1361
1292
1308
1328
1332
1308
1328
1332
1328
1332
1332
1305
1308
1327
1331
1308
1327
1331
1327
1331
1331
641
1346
1347
1352
1346
1347
1352
1347
1352
1352
1348
1350
1355
1373
1350
1355
1373
1355
1373
1373
1348
1349
1350
1387
1349
1350
1387
1350
1387
1387
1335
1346
1351
1352
1346
1351
1352
1351
1352
1352
1345
1354
1355
1360
1354
1355
1360
1355
1360
1360
1356
1358
1363
1377
1358
1363
1377
1363
1377
1377
1356
1357
1358
1395
1357
1358
1395
1358
1395
1395
1339
1354
1359
1360
1354
1359
1360
1359
1360
1360
1353
1362
1363
1368
1362
1363
1368
1363
1368
1368
1364
1366
2067
2089
1366
2067
2089
2067
2089
2089
1364
1365
1366
1403
1365
1366
1403
1366
1403
1403
1343
1362
1367
1368
1362
1367
1368
1367
1368
1368
1334
1337
1350
1354
1337
1350
1354
1350
1354
1354
1313
1333
1336
1349
1333
1336
1349
1336
1349
1349
644
1333
1352
1388
1333
1352
1388
1352
1388
1388
1335
1351
1355
1387
1351
1355
1387
1355
1387
1387
1346
1350
1372
1382
1350
1372
1382
1372
1382
1382
1335
1345
1349
1381
1345
1349
1381
1349
1381
1381
1312
1336
1348
1352
1336
1348
1352
1348
1352
1352
1333
1336
1347
1351
1336
1347
1351
1347
1351
1351
1338
1341
1358
1362
1341
1358
1362
1358
1362
1362
1337
1340
1345
1357
1340
1345
1357
1345
1357
1357
1337
1348
1360
1396
1348
1360
1396
1360
1396
1396
1339
1359
1363
1395
1359
1363
1395
1363
1395
1395
1354
1358
1376
1390
1358
1376
1390
1376
1390
1390
1339
1353
1357
1389
1353
1357
1389
1357
1389
1389
1320
1340
1356
1360
1340
1356
1360
1356
1360
1360
1337
1340
1355
1359
1340
1355
1359
1355
1359
1359
1342
1366
2053
2066
1366
2053
2066
2053
2066
2066
1341
1344
1353
1365
1344
1353
1365
1353
1365
1365
1341
1356
1368
1404
1356
1368
1404
1368
1404
1404
1343
1367
1403
2067
1367
1403
2067
1403
2067
2067
1362
1366
1380
1398
1366
1380
1398
1380
1398
1398
1343
1361
1365
1397
1361
1365
1397
1365
1397
1397
1328
1344
1364
1368
1344
1364
1368
1364
1368
1368
1341
1344
1363
1367
1344
1363
1367
1363
1367
1367
677
1382
1383
1388
1382
1383
1388
1383
1388
1388
1384
1386
1391
1409
1386
1391
1409
1391
1409
1409
1384
1385
1386
1423
1385
1386
1423
1386
1423
1423
1371
1382
1387
1388
1382
1387
1388
1387
1388
1388
1381
1390
1391
1396
1390
1391
1396
1391
1396
1396
1392
1394
1399
1413
1394
1399
1413
1399
1413
1413
1392
1393
1394
1431
1393
1394
1431
1394
1431
1431
1375
1390
1395
1396
1390
1395
1396
1395
1396
1396
1389
1398
1399
1404
1398
1399
1404
1399
1404
1404
1400
1402
2103
2125
1402
2103
2125
2103
2125
2125
1400
1401
1402
1439
1401
1402
1439
1402
1439
1439
1379
1398
1403
1404
1398
1403
1404
1403
1404
1404
1370
1373
1386
1390
1373
1386
1390
1386
1390
1390
1349
1369
1372
1385
1369
1372
1385
1372
1385
1385
680
1369
1388
1424
1369
1388
1424
1388
1424
1424
1371
1387
1391
1423
1387
1391
1423
1391
1423
1423
1382
1386
1408
1418
1386
1408
1418
1408
1418
1418
1371
1381
1385
1417
1381
1385
1417
1385
1417
1417
1348
1372
1384
1388
1372
1384
1388
1384
1388
1388
1369
1372
1383
1387
1372
1383
1387
1383
1387
1387
1374
1377
1394
1398
1377
1394
1398
1394
1398
1398
1373
1376
1381
1393
1376
1381
1393
1381
1393
1393
1373
1384
1396
1432
1384
1396
1432
1396
1432
1432
1375
1395
1399
1431
1395
1399
1431
1399
1431
1431
1390
1394
1412
1426
1394
1412
1426
1412
1426
1426
1375
1389
1393
1425
1389
1393
1425
1393
1425
1425
1356
1376
1392
1396
1376
1392
1396
1392
1396
1396
1373
1376
1391
1395
1376
1391
1395
1391
1395
1395
1378
1402
2089
2102
1402
2089
2102
2089
2102
2102
1377
1380
1389
1401
1380
1389
1401
1389
1401
1401
1377
1392
1404
1440
1392
1404
1440
1404
1440
1440
1379
1403
1439
2103
1403
1439
2103
1439
2103
2103
1398
1402
1416
1434
1402
1416
1434
1416
1434
1434
1379
1397
1401
1433
1397
1401
1433
1401
1433
1433
1364
1380
1400
1404
1380
1400
1404
1400
1404
1404
1377
1380
1399
1403
1380
1399
1403
1399
1403
1403
713
1418
1419
1424
1418
1419
1424
1419
1424
1424
1420
1422
1427
1422
1427
1427
1420
1421
1422
1421
1422
1422
1407
1418
1423
1424
1418
1423
1424
1423
1424
1424
1417
1426
1427
1432
1426
1427
1432
1427
1432
1432
1428
1430
1435
1430
1435
1435
1428
1429
1430
1429
1430
1430
1411
1426
1431
1432
1426
1431
1432
1431
1432
1432
1425
1434
1435
1440
1434
1435
1440
1435
1440
1440
1436
1438
2139
1438
2139
2139
1436
1437
1438
1437
1438
1438
1415
1434
1439
1440
1434
1439
1440
1439
1440
1440
1406
1409
1422
1426
1409
1422
1426
1422
1426
1426
1385
1405
1408
1421
1405
1408
1421
1408
1421
1421
716
1405
1424
1405
1424
1424
1407
1423
1427
1423
1427
1427
1418
1422
1422
1407
1417
1421
1417
1421
1421
1384
1408
1420
1424
1408
1420
1424
1420
1424
1424
1405
1408
1419
1423
1408
1419
1423
1419
1423
1423
1410
1413
1430
1434
1413
1430
1434
1430
1434
1434
1409
1412
1417
1429
1412
1417
1429
1417
1429
1429
1409
1420
1432
1420
1432
1432
1411
1431
1435
1431
1435
1435
1426
1430
1430
1411
1425
1429
1425
1429
1429
1392
1412
1428
1432
1412
1428
1432
1428
1432
1432
1409
1412
1427
1431
1412
1427
1431
1427
1431
1431
1414
1438
2125
2138
1438
2125
2138
2125
2138
2138
1413
1416
1425
1437
1416
1425
1437
1425
1437
1437
1413
1428
1440
1428
1440
1440
1415
1439
2139
1439
2139
2139
1434
1438
1438
1415
1433
1437
1433
1437
1437
1400
1416
1436
1440
1416
1436
1440
1436
1440
1440
1413
1416
1435
1439
1416
1435
1439
1435
1439
1439
1454
1455
1460
1455
1460
1460
1456
1458
1463
1481
1458
1463
1481
1463
1481
1481
1456
1457
1458
1495
1457
1458
1495
1458
1495
1495
1454
1459
1460
1459
1460
1460
1462
1463
1468
1463
1468
1468
1464
1466
1471
1485
1466
1471
1485
1471
1485
1485
1464
1465
1466
1503
1465
1466
1503
1466
1503
1503
1462
1467
1468
1467
1468
1468
1470
1471
1476
1471
1476
1476
1472
1474
2175
2197
1474
2175
2197
2175
2197
2197
1472
1473
1474
1511
1473
1474
1511
1474
1511
1511
1470
1475
1476
1475
1476
1476
1445
1458
1462
1458
1462
1462
1441
1444
1457
1444
1457
1457
752
1441
1460
1496
1441
1460
1496
1460
1496
1496
1443
1459
1463
1495
1459
1463
1495
1463
1495
1495
1454
1458
1480
1490
1458
1480
1490
1480
1490
1490
1443
1453
1457
1489
1453
1457
1489
1457
1489
1489
1456
1460
1460
1444
1455
1459
1455
1459
1459
1449
1466
1470
1466
1470
1470
1448
1453
1465
1453
1465
1465
1445
1456
1468
1504
1456
1468
1504
1468
1504
1504
1447
1467
1471
1503
1467
1471
1503
1471
1503
1503
1462
1466
1484
1498
1466
1484
1498
1484
1498
1498
1447
1461
1465
1497
1461
1465
1497
1465
1497
1497
1464
1468
1468
1448
1463
1467
1463
1467
1467
1474
2161
2174
2161
2174
2174
1452
1461
1473
1461
1473
1473
1449
1464
1476
1512
1464
1476
1512
1476
1512
1512
1451
1475
1511
2175
1475
1511
2175
1511
2175
2175
1470
1474
1488
1506
1474
1488
1506
1488
1506
1506
1451
1469
1473
1505
1469
1473
1505
1473
1505
1505
1472
1476
1476
1452
1471
1475
1471
1475
1475
785
1490
1491
1496
1490
1491
1496
1491
1496
1496
1492
1494
1499
1517
1494
1499
1517
1499
1517
1517
1492
1493
1494
1531
1493
1494
1531
1494
1531
1531
1479
1490
1495
1496
1490
1495
1496
1495
1496
1496
1489
1498
1499
1504
1498
1499
1504
1499
1504
1504
1500
1502
1507
1521
1502
1507
1521
1507
1521
1521
1500
1501
1502
1539
1501
1502
1539
1502
1539
1539
1483
1498
1503
1504
1498
1503
1504
1503
1504
1504
1497
1506
1507
1512
1506
1507
1512
1507
1512
1512
1508
1510
2211
2233
1510
2211
2233
2211
2233
2233
1508
1509
1510
1547
1509
1510
1547
1510
1547
1547
1487
1506
1511
1512
1506
1511
1512
1511
1512
1512
1478
1481
1494
1498
1481
1494
1498
1494
1498
1498
1457
1477
1480
1493
1477
1480
1493
1480
1493
1493
788
1477
1496
1532
1477
1496
1532
1496
1532
1532
1479
1495
1499
1531
1495
1499
1531
1499
1531
1531
1490
1494
1516
1526
1494
1516
1526
1516
1526
1526
1479
1489
1493
1525
1489
1493
1525
1493
1525
1525
1456
1480
1492
1496
1480
1492
1496
1492
1496
1496
1477
1480
1491
1495
1480
1491
1495
1491
1495
1495
1482
1485
1502
1506
1485
1502
1506
1502
1506
1506
1481
1484
1489
1501
1484
1489
1501
1489
1501
1501
1481
1492
1504
1540
1492
1504
1540
1504
1540
1540
1483
1503
1507
1539
1503
1507
1539
1507
1539
1539
1498
1502
1520
1534
1502
1520
1534
1520
1534
1534
1483
1497
1501
1533
1497
1501
1533
1501
1533
1533
1464
1484
1500
1504
1484
1500
1504
1500
1504
1504
1481
1484
1499
1503
1484
1499
1503
1499
1503
1503
1486
1510
2197
2210
1510
2197
2210
2197
2210
2210
1485
1488
1497
1509
1488
1497
1509
1497
1509
1509
1485
1500
1512
1548
1500
1512
1548
1512
1548
1548
1487
1511
1547
2211
1511
1547
2211
1547
2211
2211
1506
1510
1524
1542
1510
1524
1542
1524
1542
1542
1487
1505
1509
1541
1505
1509
1541
1509
1541
1541
1472
1488
1508
1512
1488
1508
1512
1508
1512
1512
1485
1488
1507
1511
1488
1507
1511
1507
1511
1511
821
1526
1527
1532
1526
1527
1532
1527
1532
1532
1528
1530
1535
1553
1530
1535
1553
1535
1553
1553
1528
1529
1530
1567
1529
1530
1567
1530
1567
1567
1515
1526
1531
1532
1526
1531
1532
1531
1532
1532
1525
1534
1535
1540
1534
1535
1540
1535
1540
1540
1536
1538
1543
1557
1538
1543
1557
1543
1557
1557
1536
1537
1538
1575
1537
1538
1575
1538
1575
1575
1519
1534
1539
1540
1534
1539
1540
1539
1540
1540
1533
1542
1543
1548
1542
1543
1548
1543
1548
1548
1544
1546
2247
2269
1546
2247
2269
2247
2269
2269
1544
1545
1546
1583
1545
1546
1583
1546
1583
1583
1523
1542
1547
1548
1542
1547
1548
1547
1548
1548
1514
1517
1530
1534
1517
1530
1534
1530
1534
1534
1493
1513
1516
1529
1513
1516
1529
1516
1529
1529
824
1513
1532
1568
1513
1532
1568
1532
1568
1568
1515
1531
1535
1567
1531
1535
1567
1535
1567
1567
1526
1530
1552
1562
1530
1552
1562
1552
1562
1562
1515
1525
1529
1561
1525
1529
1561
1529
1561
1561
1492
1516
1528
1532
1516
1528
1532
1528
1532
1532
1513
1516
1527
1531
1516
1527
1531
1527
1531
1531
1518
1521
1538
1542
1521
1538
1542
1538
1542
1542
1517
1520
1525
1537
1520
1525
1537
1525
1537
1537
1517
1528
1540
1576
1528
1540
1576
1540
1576
1576
1519
1539
1543
1575
1539
1543
1575
1543
1575
1575
1534
1538
1556
1570
1538
1556
1570
1556
1570
1570
1519
1533
1537
1569
1533
1537
1569
1537
1569
1569
1500
1520
1536
1540
1520
1536
1540
1536
1540
1540
1517
1520
1535
1539
1520
1535
1539
1535
1539
1539
1522
1546
2233
2246
1546
2233
2246
2233
2246
2246
1521
1524
1533
1545
1524
1533
1545
1533
1545
1545
1521
1536
1548
1584
1536
1548
1584
1548
1584
1584
1523
1547
1583
2247
1547
1583
2247
1583
2247
2247
1542
1546
1560
1578
1546
1560
1578
1560
1578
1578
1523
1541
1545
1577
1541
1545
1577
1545
1577
1577
1508
1524
1544
1548
1524
1544
1548
1544
1548
1548
1521
1524
1543
1547
1524
1543
1547
1543
1547
1547
857
1562
1563
1568
1562
1563
1568
1563
1568
1568
1564
1566
1571
1589
1566
1571
1589
1571
1589
1589
1564
1565
1566
1603
1565
1566
1603
1566
1603
1603
1551
1562
1567
1568
1562
1567
1568
1567
1568
1568
1561
1570
1571
1576
1570
1571
1576
1571
1576
1576
1572
1574
1579
1593
1574
1579
1593
1579
1593
1593
1572
1573
1574
1611
1573
1574
1611
1574
1611
1611
1555
1570
1575
1576
1570
1575
1576
1575
1576
1576
1569
1578
1579
1584
1578
1579
1584
1579
1584
1584
1580
1582
2283
2305
1582
2283
2305
2283
2305
2305
1580
1581
1582
1619
1581
1582
1619
1582
1619
1619
1559
1578
1583
1584
1578
1583
1584
1583
1584
1584
1550
1553
1566
1570
1553
1566
1570
1566
1570
1570
1529
1549
1552
1565
1549
1552
1565
1552
1565
1565
860
1549
1568
1604
1549
1568
1604
1568
1604
1604
1551
1567
1571
1603
1567
1571
1603
1571
1603
1603
1562
1566
1588
1598
1566
1588
1598
1588
1598
1598
1551
1561
1565
1597
1561
1565
1597
1565
1597
1597
1528
1552
1564
1568
1552
1564
1568
1564
1568
1568
1549
1552
1563
1567
1552
1563
1567
1563
1567
1567
1554
1557
1574
1578
1557
1574
1578
1574
1578
1578
1553
1556
1561
1573
1556
1561
1573
1561
1573
1573
1553
1564
1576
1612
1564
1576
1612
1576
1612
1612
1555
1575
1579
1611
1575
1579
1611
1579
1611
1611
1570
1574
1592
1606
1574
1592
1606
1592
1606
1606
1555
1569
1573
1605
1569
1573
1605
1573
1605
1605
1536
1556
1572
1576
1556
1572
1576
1572
1576
1576
1553
1556
1571
1575
1556
1571
1575
1571
1575
1575
1558
1582
2269
2282
1582
2269
2282
2269
2282
2282
1557
1560
1569
1581
1560
1569
1581
1569
1581
1581
1557
1572
1584
1620
1572
1584
1620
1584
1620
1620
1559
1583
1619
2283
1583
1619
2283
1619
2283
2283
1578
1582
1596
1614
1582
1596
1614
1596
1614
1614
1559
1577
1581
1613
1577
1581
1613
1581
1613
1613
1544
1560
1580
1584
1560
1580
1584
1580
1584
1584
1557
1560
1579
1583
1560
1579
1583
1579
1583
1583
893
1598
1599
1604
1598
1599
1604
1599
1604
1604
1600
1602
1607
1625
1602
1607
1625
1607
1625
1625
1600
1601
1602
1639
1601
1602
1639
1602
1639
1639
1587
1598
1603
1604
1598
1603
1604
1603
1604
1604
1597
1606
1607
1612
1606
1607
1612
1607
1612
1612
1608
1610
1615
1629
1610
1615
1629
1615
1629
1629
1608
1609
1610
1647
1609
1610
1647
1610
1647
1647
1591
1606
1611
1612
1606
1611
1612
1611
1612
1612
1605
1614
1615
1620
1614
1615
1620
1615
1620
1620
1616
1618
2319
2341
1618
2319
2341
2319
2341
2341
1616
1617
1618
1655
1617
1618
1655
1618
1655
1655
1595
1614
1619
1620
1614
1619
1620
1619
1620
1620
1586
1589
1602
1606
1589
1602
1606
1602
1606
1606
1565
1585
1588
1601
1585
1588
1601
1588
1601
1601
896
1585
1604
1640
1585
1604
1640
1604
1640
1640
1587
1603
1607
1639
1603
1607
1639
1607
1639
1639
1598
1602
1624
1634
1602
1624
1634
1624
1634
1634
1587
1597
1601
1633
1597
1601
1633
1601
1633
1633
1564
1588
1600
1604
1588
1600
1604
1600
1604
1604
1585
1588
1599
1603
1588
1599
1603
1599
1603
1603
1590
1593
1610
1614
1593
1610
1614
1610
1614
1614
1589
1592
1597
1609
1592
1597
1609
1597
1609
1609
1589
1600
1612
1648
1600
1612
1648
1612
1648
1648
1591
1611
1615
1647
1611
1615
1647
1615
1647
1647
1606
1610
1628
1642
1610
1628
1642
1628
1642
1642
1591
1605
1609
1641
1605
1609
1641
1609
1641
1641
1572
1592
1608
1612
1592
1608
1612
1608
1612
1612
1589
1592
1607
1611
1592
1607
1611
1607
1611
1611
1594
1618
2305
2318
1618
2305
2318
2305
2318
2318
1593
1596
1605
1617
1596
1605
1617
1605
1617
1617
1593
1608
1620
1656
1608
1620
1656
1620
1656
1656
1595
1619
1655
2319
1619
1655
2319
1655
2319
2319
1614
1618
1632
1650
1618
1632
1650
1632
1650
1650
1595
1613
1617
1649
1613
1617
1649
1617
1649
1649
1580
1596
1616
1620
1596
1616
1620
1616
1620
1620
1593
1596
1615
1619
1596
1615
1619
1615
1619
1619
929
1634
1635
1640
1634
1635
1640
1635
1640
1640
1636
1638
1643
1661
1638
1643
1661
1643
1661
1661
1636
1637
1638
1675
1637
1638
1675
1638
1675
1675
1623
1634
1639
1640
1634
1639
1640
1639
1640
1640
1633
1642
1643
1648
1642
1643
1648
1643
1648
1648
1644
1646
1651
1665
1646
1651
1665
1651
1665
1665
1644
1645
1646
1683
1645
1646
1683
1646
1683
1683
1627
1642
1647
1648
1642
1647
1648
1647
1648
1648
1641
1650
1651
1656
1650
1651
1656
1651
1656
1656
1652
1654
2355
2377
1654
2355
2377
2355
2377
2377
1652
1653
1654
1691
1653
1654
1691
1654
1691
1691
1631
1650
1655
1656
1650
1655
1656
1655
1656
1656
1622
1625
1638
1642
1625
1638
1642
1638
1642
1642
1601
1621
1624
1637
1621
1624
1637
1624
1637
1637
932
1621
1640
1676
1621
1640
1676
1640
1676
1676
1623
1639
1643
1675
1639
1643
1675
1643
1675
1675
1634
1638
1660
1670
1638
1660
1670
1660
1670
1670
1623
1633
1637
1669
1633
1637
1669
1637
1669
1669
1600
1624
1636
1640
1624
1636
1640
1636
1640
1640
1621
1624
1635
1639
1624
1635
1639
1635
1639
1639
1626
1629
1646
1650
1629
1646
1650
1646
1650
1650
1625
1628
1633
1645
1628
1633
1645
1633
1645
1645
1625
1636
1648
1684
1636
1648
1684
1648
1684
1684
1627
1647
1651
1683
1647
1651
1683
1651
1683
1683
1642
1646
1664
1678
1646
1664
1678
1664
1678
1678
1627
1641
1645
1677
1641
1645
1677
1645
1677
1677
1608
1628
1644
1648
1628
1644
1648
1644
1648
1648
1625
1628
1643
1647
1628
1643
1647
1643
1647
1647
1630
1654
2341
2354
1654
2341
2354
2341
2354
2354
1629
1632
1641
1653
1632
1641
1653
1641
1653
1653
1629
1644
1656
1692
1644
1656
1692
1656
1692
1692
1631
1655
1691
2355
1655
1691
2355
1691
2355
2355
1650
1654
1668
1686
1654
1668
1686
1668
1686
1686
1631
1649
1653
1685
1649
1653
1685
1653
1685
1685
1616
1632
1652
1656
1632
1652
1656
1652
1656
1656
1629
1632
1651
1655
1632
1651
1655
1651
1655
1655
965
1670
1671
1676
1670
1671
1676
1671
1676
1676
1672
1674
1679
1697
1674
1679
1697
1679
1697
1697
1672
1673
1674
1711
1673
1674
1711
1674
1711
1711
1659
1670
1675
1676
1670
1675
1676
1675
1676
1676
1669
1678
1679
1684
1678
1679
1684
1679
1684
1684
1680
1682
1687
1701
1682
1687
1701
1687
1701
1701
1680
1681
1682
1719
1681
1682
1719
1682
1719
1719
1663
1678
1683
1684
1678
1683
1684
1683
1684
1684
1677
1686
1687
1692
1686
1687
1692
1687
1692
1692
1688
1690
2391
2413
1690
2391
2413
2391
2413
2413
1688
1689
1690
1727
1689
1690
1727
1690
1727
1727
1667
1686
1691
1692
1686
1691
1692
1691
1692
1692
1658
1661
1674
1678
1661
1674
1678
1674
1678
1678
1637
1657
1660
1673
1657
1660
1673
1660
1673
1673
968
1657
1676
1712
1657
1676
1712
1676
1712
1712
1659
1675
1679
1711
1675
1679
1711
1679
1711
1711
1670
1674
1696
1706
1674
1696
1706
1696
1706
1706
1659
1669
1673
1705
1669
1673
1705
1673
1705
1705
1636
1660
1672
1676
1660
1672
1676
1672
1676
1676
1657
1660
1671
1675
1660
1671
1675
1671
1675
1675
1662
1665
1682
1686
1665
1682
1686
1682
1686
1686
1661
1664
1669
1681
1664
1669
1681
1669
1681
1681
1661
1672
1684
1720
1672
1684
1720
1684
1720
1720
1663
1683
1687
1719
1683
1687
1719
1687
1719
1719
1678
1682
1700
1714
1682
1700
1714
1700
1714
1714
1663
1677
1681
1713
1677
1681
1713
1681
1713
1713
1644
1664
1680
1684
1664
1680
1684
1680
1684
1684
1661
1664
1679
1683
1664
1679
1683
1679
1683
1683
1666
1690
2377
2390
1690
2377
2390
2377
2390
2390
1665
1668
1677
1689
1668
1677
1689
1677
1689
1689
1665
1680
1692
1728
1680
1692
1728
1692
1728
1728
1667
1691
1727
2391
1691
1727
2391
1727
2391
2391
1686
1690
1704
1722
1690
1704
1722
1704
1722
1722
1667
1685
1689
1721
1685
1689
1721
1689
1721
1721
1652
1668
1688
1692
1668
1688
1692
1688
1692
1692
1665
1668
1687
1691
1668
1687
1691
1687
1691
1691
1001
1706
1707
1712
1706
1707
1712
1707
1712
1712
1708
1710
1715
1733
1710
1715
1733
1715
1733
1733
1708
1709
1710
1747
1709
1710
1747
1710
1747
1747
1695
1706
1711
1712
1706
1711
1712
1711
1712
1712
1705
1714
1715
1720
1714
1715
1720
1715
1720
1720
1716
1718
1723
1737
1718
1723
1737
1723
1737
1737
1716
1717
1718
1755
1717
1718
1755
1718
1755
1755
1699
1714
1719
1720
1714
1719
1720
1719
1720
1720
1713
1722
1723
1728
1722
1723
1728
1723
1728
1728
1724
1726
2427
2449
1726
2427
2449
2427
2449
2449
1724
1725
1726
1763
1725
1726
1763
1726
1763
1763
1703
1722
1727
1728
1722
1727
1728
1727
1728
1728
1694
1697
1710
1714
1697
1710
1714
1710
1714
1714
1673
1693
1696
1709
1693
1696
1709
1696
1709
1709
1004
1693
1712
1748
1693
1712
1748
1712
1748
1748
1695
1711
1715
1747
1711
1715
1747
1715
1747
1747
1706
1710
1732
1742
1710
1732
1742
1732
1742
1742
1695
1705
1709
1741
1705
1709
1741
1709
1741
1741
1672
1696
1708
1712
1696
1708
1712
1708
1712
1712
1693
1696
1707
1711
1696
1707
1711
1707
1711
1711
1698
1701
1718
1722
1701
1718
1722
1718
1722
1722
1697
1700
1705
1717
1700
1705
1717
1705
1717
1717
1697
1708
1720
1756
1708
1720
1756
1720
1756
1756
1699
1719
1723
1755
1719
1723
1755
1723
1755
1755
1714
1718
1736
1750
1718
1736
1750
1736
1750
1750
1699
1713
1717
1749
1713
1717
1749
1717
1749
1749
1680
1700
1716
1720
1700
1716
1720
1716
1720
1720
1697
1700
1715
1719
1700
1715
1719
1715
1719
1719
1702
1726
2413
2426
1726
2413
2426
2413
2426
2426
1701
1704
1713
1725
1704
1713
1725
1713
1725
1725
1701
1716
1728
1764
1716
1728
1764
1728
1764
1764
1703
1727
1763
2427
1727
1763
2427
1763
2427
2427
1722
1726
1740
1758
1726
1740
1758
1740
1758
1758
1703
1721
1725
1757
1721
1725
1757
1725
1757
1757
1688
1704
1724
1728
1704
1724
1728
1724
1728
1728
1701
1704
1723
1727
1704
1723
1727
1723
1727
1727
1037
1742
1743
1748
1742
1743
1748
1743
1748
1748
1744
1746
1751
1769
1746
1751
1769
1751
1769
1769
1744
1745
1746
1783
1745
1746
1783
1746
1783
1783
1731
1742
1747
1748
1742
1747
1748
1747
1748
1748
1741
1750
1751
1756
1750
1751
1756
1751
1756
1756
1752
1754
1759
1773
1754
1759
1773
1759
1773
1773
1752
1753
1754
1791
1753
1754
1791
1754
1791
1791
1735
1750
1755
1756
1750
1755
1756
1755
1756
1756
1749
1758
1759
1764
1758
1759
1764
1759
1764
1764
1760
1762
2463
2485
1762
2463
2485
2463
2485
2485
1760
1761
1762
1799
1761
1762
1799
1762
1799
1799
1739
1758
1763
1764
1758
1763
1764
1763
1764
1764
1730
1733
1746
1750
1733
1746
1750
1746
1750
1750
1709
1729
1732
1745
1729
1732
1745
1732
1745
1745
1040
1729
1748
1784
1729
1748
1784
1748
1784
1784
1731
1747
1751
1783
1747
1751
1783
1751
1783
1783
1742
1746
1768
1778
1746
1768
1778
1768
1778
1778
1731
1741
1745
1777
1741
1745
1777
1745
1777
1777
1708
1732
1744
1748
1732
1744
1748
1744
1748
1748
1729
1732
1743
1747
1732
1743
1747
1743
1747
1747
1734
1737
1754
1758
1737
1754
1758
1754
1758
1758
1733
1736
1741
1753
1736
1741
1753
1741
1753
1753
1733
1744
1756
1792
1744
1756
1792
1756
1792
1792
1735
1755
1759
1791
1755
1759
1791
1759
1791
1791
1750
1754
1772
1786
1754
1772
1786
1772
1786
1786
1735
1749
1753
1785
1749
1753
1785
1753
1785
1785
1716
1736
1752
1756
1736
1752
1756
1752
1756
1756
1733
1736
1751
1755
1736
1751
1755
1751
1755
1755
1738
1762
2449
2462
1762
2449
2462
2449
2462
2462
1737
1740
1749
1761
1740
1749
1761
1749
1761
1761
1737
1752
1764
1800
1752
1764
1800
1764
1800
1800
1739
1763
1799
2463
1763
1799
2463
1799
2463
2463
1758
1762
1776
1794
1762
1776
1794
1776
1794
1794
1739
1757
1761
1793
1757
1761
1793
1761
1793
1793
1724
1740
1760
1764
1740
1760
1764
1760
1764
1764
1737
1740
1759
1763
1740
1759
1763
1759
1763
1763
1073
1778
1779
1784
1778
1779
1784
1779
1784
1784
1780
1782
1787
1805
1782
1787
1805
1787
1805
1805
1780
1781
1782
1819
1781
1782
1819
1782
1819
1819
1767
1778
1783
1784
1778
1783
1784
1783
1784
1784
1777
1786
1787
1792
1786
1787
1792
1787
1792
1792
1788
1790
1795
1809
1790
1795
1809
1795
1809
1809
1788
1789
1790
1827
1789
1790
1827
1790
1827
1827
1771
1786
1791
1792
1786
1791
1792
1791
1792
1792
1785
1794
1795
1800
1794
1795
1800
1795
1800
1800
1796
1798
2499
2521
1798
2499
2521
2499
2521
2521
1796
1797
1798
1835
1797
1798
1835
1798
1835
1835
1775
1794
1799
1800
1794
1799
1800
1799
1800
1800
1766
1769
1782
1786
1769
1782
1786
1782
1786
1786
1745
1765
1768
1781
1765
1768
1781
1768
1781
1781
1076
1765
1784
1820
1765
1784
1820
1784
1820
1820
1767
1783
1787
1819
1783
1787
1819
1787
1819
1819
1778
1782
1804
1814
1782
1804
1814
1804
1814
1814
1767
1777
1781
1813
1777
1781
1813
1781
1813
1813
1744
1768
1780
1784
1768
1780
1784
1780
1784
1784
1765
1768
1779
1783
1768
1779
1783
1779
1783
1783
1770
1773
1790
1794
1773
1790
1794
1790
1794
1794
1769
1772
1777
1789
1772
1777
1789
1777
1789
1789
1769
1780
1792
1828
1780
1792
1828
1792
1828
1828
1771
1791
1795
1827
1791
1795
1827
1795
1827
1827
1786
1790
1808
1822
1790
1808
1822
1808
1822
1822
1771
1785
1789
1821
1785
1789
1821
1789
1821
1821
1752
1772
1788
1792
1772
1788
1792
1788
1792
1792
1769
1772
1787
1791
1772
1787
1791
1787
1791
1791
1774
1798
2485
2498
1798
2485
2498
2485
2498
2498
1773
1776
1785
1797
1776
1785
1797
1785
1797
1797
1773
1788
1800
1836
1788
1800
1836
1800
1836
1836
1775
1799
1835
2499
1799
1835
2499
1835
2499
2499
1794
1798
1812
1830
1798
1812
1830
1812
1830
1830
1775
1793
1797
1829
1793
1797
1829
1797
1829
1829
1760
1776
1796
1800
1776
1796
1800
1796
1800
1800
1773
1776
1795
1799
1776
1795
1799
1795
1799
1799
1109
1814
1815
1820
1814
1815
1820
1815
1820
1820
1816
1818
1823
1841
1818
1823
1841
1823
1841
1841
1816
1817
1818
1855
1817
1818
1855
1818
1855
1855
1803
1814
1819
1820
1814
1819
1820
1819
1820
1820
1813
1822
1823
1828
1822
1823
1828
1823
1828
1828
1824
1826
1831
1845
1826
1831
1845
1831
1845
1845
1824
1825
1826
1863
1825
1826
1863
1826
1863
1863
1807
1822
1827
1828
1822
1827
1828
1827
1828
1828
1821
1830
1831
1836
1830
1831
1836
1831
1836
1836
1832
1834
2535
2557
1834
2535
2557
2535
2557
2557
1832
1833
1834
1871
1833
1834
1871
1834
1871
1871
1811
1830
1835
1836
1830
1835
1836
1835
1836
1836
1802
1805
1818
1822
1805
1818
1822
1818
1822
1822
1781
1801
1804
1817
1801
1804
1817
1804
1817
1817
1112
1801
1820
1856
1801
1820
1856
1820
1856
1856
1803
1819
1823
1855
1819
1823
1855
1823
1855
1855
1814
1818
1840
1850
1818
1840
1850
1840
1850
1850
1803
1813
1817
1849
1813
1817
1849
1817
1849
1849
1780
1804
1816
1820
1804
1816
1820
1816
1820
1820
1801
1804
1815
1819
1804
1815
1819
1815
1819
1819
1806
1809
1826
1830
1809
1826
1830
1826
1830
1830
1805
1808
1813
1825
1808
1813
1825
1813
1825
1825
1805
1816
1828
1864
1816
1828
1864
1828
1864
1864
1807
1827
1831
1863
1827
1831
1863
1831
1863
1863
1822
1826
1844
1858
1826
1844
1858
1844
1858
1858
1807
1821
1825
1857
1821
1825
1857
1825
1857
1857
1788
1808
1824
1828
1808
1824
1828
1824
1828
1828
1805
1808
1823
1827
1808
1823
1827
1823
1827
1827
1810
1834
2521
2534
1834
2521
2534
2521
2534
2534
1809
1812
1821
1833
1812
1821
1833
1821
1833
1833
1809
1824
1836
1872
1824
1836
1872
1836
1872
1872
1811
1835
1871
2535
1835
1871
2535
1871
2535
2535
1830
1834
1848
1866
1834
1848
1866
1848
1866
1866
1811
1829
1833
1865
1829
1833
1865
1833
1865
1865
1796
1812
1832
1836
1812
1832
1836
1832
1836
1836
1809
1812
1831
1835
1812
1831
1835
1831
1835
1835
1145
1850
1851
1856
1850
1851
1856
1851
1856
1856
1852
1854
1859
1877
1854
1859
1877
1859
1877
1877
1852
1853
1854
1891
1853
1854
1891
1854
1891
1891
1839
1850
1855
1856
1850
1855
1856
1855
1856
1856
1849
1858
1859
1864
1858
1859
1864
1859
1864
1864
1860
1862
1867
1881
1862
1867
1881
1867
1881
1881
1860
1861
1862
1899
1861
1862
1899
1862
1899
1899
1843
1858
1863
1864
1858
1863
1864
1863
1864
1864
1857
1866
1867
1872
1866
1867
1872
1867
1872
1872
1868
1870
2571
2593
1870
2571
2593
2571
2593
2593
1868
1869
1870
1907
1869
1870
1907
1870
1907
1907
1847
1866
1871
1872
1866
1871
1872
1871
1872
1872
1838
1841
1854
1858
1841
1854
1858
1854
1858
1858
1817
1837
1840
1853
1837
1840
1853
1840
1853
1853
1148
1837
1856
1892
1837
1856
1892
1856
1892
1892
1839
1855
1859
1891
1855
1859
1891
1859
1891
1891
1850
1854
1876
1886
1854
1876
1886
1876
1886
1886
1839
1849
1853
1885
1849
1853
1885
1853
1885
1885
1816
1840
1852
1856
1840
1852
1856
1852
1856
1856
1837
1840
1851
1855
1840
1851
1855
1851
1855
1855
1842
1845
1862
1866
1845
1862
1866
1862
1866
1866
1841
1844
1849
1861
1844
1849
1861
1849
1861
1861
1841
1852
1864
1900
1852
1864
1900
1864
1900
1900
1843
1863
1867
1899
1863
1867
1899
1867
1899
1899
1858
1862
1880
1894
1862
1880
1894
1880
1894
1894
1843
1857
1861
1893
1857
1861
1893
1861
1893
1893
1824
1844
1860
1864
1844
1860
1864
1860
1864
1864
1841
1844
1859
1863
1844
1859
1863
1859
1863
1863
1846
1870
2557
2570
1870
2557
2570
2557
2570
2570
1845
1848
1857
1869
1848
1857
1869
1857
1869
1869
1845
1860
1872
1908
1860
1872
1908
1872
1908
1908
1847
1871
1907
2571
1871
1907
2571
1907
2571
2571
1866
1870
1884
1902
1870
1884
1902
1884
1902
1902
1847
1865
1869
1901
1865
1869
1901
1869
1901
1901
1832
1848
1868
1872
1848
1868
1872
1868
1872
1872
1845
1848
1867
1871
1848
1867
1871
1867
1871
1871
1181
1886
1887
1892
1886
1887
1892
1887
1892
1892
1888
1890
1895
1913
1890
1895
1913
1895
1913
1913
1888
1889
1890
1927
1889
1890
1927
1890
1927
1927
1875
1886
1891
1892
1886
1891
1892
1891
1892
1892
1885
1894
1895
1900
1894
1895
1900
1895
1900
1900
1896
1898
1903
1917
1898
1903
1917
1903
1917
1917
1896
1897
1898
1935
1897
1898
1935
1898
1935
1935
1879
1894
1899
1900
1894
1899
1900
1899
1900
1900
1893
1902
1903
1908
1902
1903
1908
1903
1908
1908
1904
1906
2607
2629
1906
2607
2629
2607
2629
2629
1904
1905
1906
1943
1905
1906
1943
1906
1943
1943
1883
1902
1907
1908
1902
1907
1908
1907
1908
1908
1874
1877
1890
1894
1877
1890
1894
1890
1894
1894
1853
1873
1876
1889
1873
1876
1889
1876
1889
1889
1184
1873
1892
1928
1873
1892
1928
1892
1928
1928
1875
1891
1895
1927
1891
1895
1927
1895
1927
1927
1886
1890
1912
1922
1890
1912
1922
1912
1922
1922
1875
1885
1889
1921
1885
1889
1921
1889
1921
1921
1852
1876
1888
1892
1876
1888
1892
1888
1892
1892
1873
1876
1887
1891
1876
1887
1891
1887
1891
1891
1878
1881
1898
1902
1881
1898
1902
1898
1902
1902
1877
1880
1885
1897
1880
1885
1897
1885
1897
1897
1877
1888
1900
1936
1888
1900
1936
1900
1936
1936
1879
1899
1903
1935
1899
1903
1935
1903
1935
1935
1894
1898
1916
1930
1898
1916
1930
1916
1930
1930
1879
1893
1897
1929
1893
1897
1929
1897
1929
1929
1860
1880
1896
1900
1880
1896
1900
1896
1900
1900
1877
1880
1895
1899
1880
1895
1899
1895
1899
1899
1882
1906
2593
2606
1906
2593
2606
2593
2606
2606
1881
1884
1893
1905
1884
1893
1905
1893
1905
1905
1881
1896
1908
1944
1896
1908
1944
1908
1944
1944
1883
1907
1943
2607
1907
1943
2607
1943
2607
2607
1902
1906
1920
1938
1906
1920
1938
1920
1938
1938
1883
1901
1905
1937
1901
1905
1937
1905
1937
1937
1868
1884
1904
1908
1884
1904
1908
1904
1908
1908
1881
1884
1903
1907
1884
1903
1907
1903
1907
1907
1217
1922
1923
1928
1922
1923
1928
1923
1928
1928
1924
1926
1931
1949
1926
1931
1949
1931
1949
1949
1924
1925
1926
1963
1925
1926
1963
1926
1963
1963
1911
1922
1927
1928
1922
1927
1928
1927
1928
1928
1921
1930
1931
1936
1930
1931
1936
1931
1936
1936
1932
1934
1939
1953
1934
1939
1953
1939
1953
1953
1932
1933
1934
1971
1933
1934
1971
1934
1971
1971
1915
1930
1935
1936
1930
1935
1936
1935
1936
1936
1929
1938
1939
1944
1938
1939
1944
1939
1944
1944
1940
1942
2643
2665
1942
2643
2665
2643
2665
2665
1940
1941
1942
1979
1941
1942
1979
1942
1979
1979
1919
1938
1943
1944
1938
1943
1944
1943
1944
1944
1910
1913
1926
1930
1913
1926
1930
1926
1930
1930
1889
1909
1912
1925
1909
1912
1925
1912
1925
1925
1220
1909
1928
1964
1909
1928
1964
1928
1964
1964
1911
1927
1931
1963
1927
1931
1963
1931
1963
1963
1922
1926
1948
1958
1926
1948
1958
1948
1958
1958
1911
1921
1925
1957
1921
1925
1957
1925
1957
1957
1888
1912
1924
1928
1912
1924
1928
1924
1928
1928
1909
1912
1923
1927
1912
1923
1927
1923
1927
1927
1914
1917
1934
1938
1917
1934
1938
1934
1938
1938
1913
1916
1921
1933
1916
1921
1933
1921
1933
1933
1913
1924
1936
1972
1924
1936
1972
1936
1972
1972
1915
1935
1939
1971
1935
1939
1971
1939
1971
1971
1930
1934
1952
1966
1934
1952
1966
1952
1966
1966
1915
1929
1933
1965
1929
1933
1965
1933
1965
1965
1896
1916
1932
1936
1916
1932
1936
1932
1936
1936
1913
1916
1931
1935
1916
1931
1935
1931
1935
1935
1918
1942
2629
2642
1942
2629
2642
2629
2642
2642
1917
1920
1929
1941
1920
1929
1941
1929
1941
1941
1917
1932
1944
1980
1932
1944
1980
1944
1980
1980
1919
1943
1979
2643
1943
1979
2643
1979
2643
2643
1938
1942
1956
1974
1942
1956
1974
1956
1974
1974
1919
1937
1941
1973
1937
1941
1973
1941
1973
1973
1904
1920
1940
1944
1920
1940
1944
1940
1944
1944
1917
1920
1939
1943
1920
1939
1943
1939
1943
1943
1253
1958
1959
1964
1958
1959
1964
1959
1964
1964
1960
1962
1967
1985
1962
1967
1985
1967
1985
1985
1960
1961
1962
1999
1961
1962
1999
1962
1999
1999
1947
1958
1963
1964
1958
1963
1964
1963
1964
1964
1957
1966
1967
1972
1966
1967
1972
1967
1972
1972
1968
1970
1975
1989
1970
1975
1989
1975
1989
1989
1968
1969
1970
2007
1969
1970
2007
1970
2007
2007
1951
1966
1971
1972
1966
1971
1972
1971
1972
1972
1965
1974
1975
1980
1974
1975
1980
1975
1980
1980
1976
1978
2679
2701
1978
2679
2701
2679
2701
2701
1976
1977
1978
2015
1977
1978
2015
1978
2015
2015
1955
1974
1979
1980
1974
1979
1980
1979
1980
1980
1946
1949
1962
1966
1949
1962
1966
1962
1966
1966
1925
1945
1948
1961
1945
1948
1961
1948
1961
1961
1256
1945
1964
2000
1945
1964
2000
1964
2000
2000
1947
1963
1967
1999
1963
1967
1999
1967
1999
1999
1958
1962
1984
1994
1962
1984
1994
1984
1994
1994
1947
1957
1961
1993
1957
1961
1993
1961
1993
1993
1924
1948
1960
1964
1948
1960
1964
1960
1964
1964
1945
1948
1959
1963
1948
1959
1963
1959
1963
1963
1950
1953
1970
1974
1953
1970
1974
1970
1974
1974
1949
1952
1957
1969
1952
1957
1969
1957
1969
1969
1949
1960
1972
2008
1960
1972
2008
1972
2008
2008
1951
1971
1975
2007
1971
1975
2007
1975
2007
2007
1966
1970
1988
2002
1970
1988
2002
1988
2002
2002
1951
1965
1969
2001
1965
1969
2001
1969
2001
2001
1932
1952
1968
1972
1952
1968
1972
1968
1972
1972
1949
1952
1967
1971
1952
1967
1971
1967
1971
1971
1954
1978
2665
2678
1978
2665
2678
2665
2678
2678
1953
1956
1965
1977
1956
1965
1977
1965
1977
1977
1953
1968
1980
2016
1968
1980
2016
1980
2016
2016
1955
1979
2015
2679
1979
2015
2679
2015
2679
2679
1974
1978
1992
2010
1978
1992
2010
1992
2010
2010
1955
1973
1977
2009
1973
1977
2009
1977
2009
2009
1940
1956
1976
1980
1956
1976
1980
1976
1980
1980
1953
1956
1975
1979
1956
1975
1979
1975
1979
1979
1289
1994
1995
2000
1994
1995
2000
1995
2000
2000
1996
1998
2003
2021
1998
2003
2021
2003
2021
2021
1996
1997
1998
2035
1997
1998
2035
1998
2035
2035
1983
1994
1999
2000
1994
1999
2000
1999
2000
2000
1993
2002
2003
2008
2002
2003
2008
2003
2008
2008
2004
2006
2011
2025
2006
2011
2025
2011
2025
2025
2004
2005
2006
2043
2005
2006
2043
2006
2043
2043
1987
2002
2007
2008
2002
2007
2008
2007
2008
2008
2001
2010
2011
2016
2010
2011
2016
2011
2016
2016
2012
2014
2715
2737
2014
2715
2737
2715
2737
2737
2012
2013
2014
2051
2013
2014
2051
2014
2051
2051
1991
2010
2015
2016
2010
2015
2016
2015
2016
2016
1982
1985
1998
2002
1985
1998
2002
1998
2002
2002
1961
1981
1984
1997
1981
1984
1997
1984
1997
1997
1292
1981
2000
2036
1981
2000
2036
2000
2036
2036
1983
1999
2003
2035
1999
2003
2035
2003
2035
2035
1994
1998
2020
2030
1998
2020
2030
2020
2030
2030
1983
1993
1997
2029
1993
1997
2029
1997
2029
2029
1960
1984
1996
2000
1984
1996
2000
1996
2000
2000
1981
1984
1995
1999
1984
1995
1999
1995
1999
1999
1986
1989
2006
2010
1989
2006
2010
2006
2010
2010
1985
1988
1993
2005
1988
1993
2005
1993
2005
2005
1985
1996
2008
2044
1996
2008
2044
2008
2044
2044
1987
2007
2011
2043
2007
2011
2043
2011
2043
2043
2002
2006
2024
2038
2006
2024
2038
2024
2038
2038
1987
2001
2005
2037
2001
2005
2037
2005
2037
2037
1968
1988
2004
2008
1988
2004
2008
2004
2008
2008
1985
1988
2003
2007
1988
2003
2007
2003
2007
2007
1990
2014
2701
2714
2014
2701
2714
2701
2714
2714
1989
1992
2001
2013
1992
2001
2013
2001
2013
2013
1989
2004
2016
2052
2004
2016
2052
2016
2052
2052
1991
2015
2051
2715
2015
2051
2715
2051
2715
2715
2010
2014
2028
2046
2014
2028
2046
2028
2046
2046
1991
2009
2013
2045
2009
2013
2045
2013
2045
2045
1976
1992
2012
2016
1992
2012
2016
2012
2016
2016
1989
1992
2011
2015
1992
2011
2015
2011
2015
2015
1325
2030
2031
2036
2030
2031
2036
2031
2036
2036
2032
2034
2039
2057
2034
2039
2057
2039
2057
2057
2032
2033
2034
2071
2033
2034
2071
2034
2071
2071
2019
2030
2035
2036
2030
2035
2036
2035
2036
2036
2029
2038
2039
2044
2038
2039
2044
2039
2044
2044
2040
2042
2047
2061
2042
2047
2061
2047
2061
2061
2040
2041
2042
2079
2041
2042
2079
2042
2079
2079
2023
2038
2043
2044
2038
2043
2044
2043
2044
2044
2037
2046
2047
2052
2046
2047
2052
2047
2052
2052
2048
2050
2751
2773
2050
2751
2773
2751
2773
2773
2048
2049
2050
2087
2049
2050
2087
2050
2087
2087
2027
2046
2051
2052
2046
2051
2052
2051
2052
2052
2018
2021
2034
2038
2021
2034
2038
2034
2038
2038
1997
2017
2020
2033
2017
2020
2033
2020
2033
2033
1328
2017
2036
2072
2017
2036
2072
2036
2072
2072
2019
2035
2039
2071
2035
2039
2071
2039
2071
2071
2030
2034
2056
2066
2034
2056
2066
2056
2066
2066
2019
2029
2033
2065
2029
2033
2065
2033
2065
2065
1996
2020
2032
2036
2020
2032
2036
2032
2036
2036
2017
2020
2031
2035
2020
2031
2035
2031
2035
2035
2022
2025
2042
2046
2025
2042
2046
2042
2046
2046
2021
2024
2029
2041
2024
2029
2041
2029
2041
2041
2021
2032
2044
2080
2032
2044
2080
2044
2080
2080
2023
2043
2047
2079
2043
2047
2079
2047
2079
2079
2038
2042
2060
2074
2042
2060
2074
2060
2074
2074
2023
2037
2041
2073
2037
2041
2073
2041
2073
2073
2004
2024
2040
2044
2024
2040
2044
2040
2044
2044
2021
2024
2039
2043
2024
2039
2043
2039
2043
2043
2026
2050
2737
2750
2050
2737
2750
2737
2750
2750
2025
2028
2037
2049
2028
2037
2049
2037
2049
2049
2025
2040
2052
2088
2040
2052
2088
2052
2088
2088
2027
2051
2087
2751
2051
2087
2751
2087
2751
2751
2046
2050
2064
2082
2050
2064
2082
2064
2082
2082
2027
2045
2049
2081
2045
2049
2081
2049
2081
2081
2012
2028
2048
2052
2028
2048
2052
2048
2052
2052
2025
2028
2047
2051
2028
2047
2051
2047
2051
2051
1361
2066
2067
2072
2066
2067
2072
2067
2072
2072
2068
2070
2075
2093
2070
2075
2093
2075
2093
2093
2068
2069
2070
2107
2069
2070
2107
2070
2107
2107
2055
2066
2071
2072
2066
2071
2072
2071
2072
2072
2065
2074
2075
2080
2074
2075
2080
2075
2080
2080
2076
2078
2083
2097
2078
2083
2097
2083
2097
2097
2076
2077
2078
2115
2077
2078
2115
2078
2115
2115
2059
2074
2079
2080
2074
2079
2080
2079
2080
2080
2073
2082
2083
2088
2082
2083
2088
2083
2088
2088
2084
2086
2787
2809
2086
2787
2809
2787
2809
2809
2084
2085
2086
2123
2085
2086
2123
2086
2123
2123
2063
2082
2087
2088
2082
2087
2088
2087
2088
2088
2054
2057
2070
2074
2057
2070
2074
2070
2074
2074
2033
2053
2056
2069
2053
2056
2069
2056
2069
2069
1364
2053
2072
2108
2053
2072
2108
2072
2108
2108
2055
2071
2075
2107
2071
2075
2107
2075
2107
2107
2066
2070
2092
2102
2070
2092
2102
2092
2102
2102
2055
2065
2069
2101
2065
2069
2101
2069
2101
2101
2032
2056
2068
2072
2056
2068
2072
2068
2072
2072
2053
2056
2067
2071
2056
2067
2071
2067
2071
2071
2058
2061
2078
2082
2061
2078
2082
2078
2082
2082
2057
2060
2065
2077
2060
2065
2077
2065
2077
2077
2057
2068
2080
2116
2068
2080
2116
2080
2116
2116
2059
2079
2083
2115
2079
2083
2115
2083
2115
2115
2074
2078
2096
2110
2078
2096
2110
2096
2110
2110
2059
2073
2077
2109
2073
2077
2109
2077
2109
2109
2040
2060
2076
2080
2060
2076
2080
2076
2080
2080
2057
2060
2075
2079
2060
2075
2079
2075
2079
2079
2062
2086
2773
2786
2086
2773
2786
2773
2786
2786
2061
2064
2073
2085
2064
2073
2085
2073
2085
2085
2061
2076
2088
2124
2076
2088
2124
2088
2124
2124
2063
2087
2123
2787
2087
2123
2787
2123
2787
2787
2082
2086
2100
2118
2086
2100
2118
2100
2118
2118
2063
2081
2085
2117
2081
2085
2117
2085
2117
2117
2048
2064
2084
2088
2064
2084
2088
2084
2088
2088
2061
2064
2083
2087
2064
2083
2087
2083
2087
2087
1397
2102
2103
2108
2102
2103
2108
2103
2108
2108
2104
2106
2111
2129
2106
2111
2129
2111
2129
2129
2104
2105
2106
2143
2105
2106
2143
2106
2143
2143
2091
2102
2107
2108
2102
2107
2108
2107
2108
2108
2101
2110
2111
2116
2110
2111
2116
2111
2116
2116
2112
2114
2119
2133
2114
2119
2133
2119
2133
2133
2112
2113
2114
2151
2113
2114
2151
2114
2151
2151
2095
2110
2115
2116
2110
2115
2116
2115
2116
2116
2109
2118
2119
2124
2118
2119
2124
2119
2124
2124
2120
2122
2823
2845
2122
2823
2845
2823
2845
2845
2120
2121
2122
2159
2121
2122
2159
2122
2159
2159
2099
2118
2123
2124
2118
2123
2124
2123
2124
2124
2090
2093
2106
2110
2093
2106
2110
2106
2110
2110
2069
2089
2092
2105
2089
2092
2105
2092
2105
2105
1400
2089
2108
2144
2089
2108
2144
2108
2144
2144
2091
2107
2111
2143
2107
2111
2143
2111
2143
2143
2102
2106
2128
2138
2106
2128
2138
2128
2138
2138
2091
2101
2105
2137
2101
2105
2137
2105
2137
2137
2068
2092
2104
2108
2092
2104
2108
2104
2108
2108
2089
2092
2103
2107
2092
2103
2107
2103
2107
2107
2094
2097
2114
2118
2097
2114
2118
2114
2118
2118
2093
2096
2101
2113
2096
2101
2113
2101
2113
2113
2093
2104
2116
2152
2104
2116
2152
2116
2152
2152
2095
2115
2119
2151
2115
2119
2151
2119
2151
2151
2110
2114
2132
2146
2114
2132
2146
2132
2146
2146
2095
2109
2113
2145
2109
2113
2145
2113
2145
2145
2076
2096
2112
2116
2096
2112
2116
2112
2116
2116
2093
2096
2111
2115
2096
2111
2115
2111
2115
2115
2098
2122
2809
2822
2122
2809
2822
2809
2822
2822
2097
2100
2109
2121
2100
2109
2121
2109
2121
2121
2097
2112
2124
2160
2112
2124
2160
2124
2160
2160
2099
2123
2159
2823
2123
2159
2823
2159
2823
2823
2118
2122
2136
2154
2122
2136
2154
2136
2154
2154
2099
2117
2121
2153
2117
2121
2153
2121
2153
2153
2084
2100
2120
2124
2100
2120
2124
2120
2124
2124
2097
2100
2119
2123
2100
2119
2123
2119
2123
2123
1433
2138
2139
2144
2138
2139
2144
2139
2144
2144
2140
2142
2147
2142
2147
2147
2140
2141
2142
2141
2142
2142
2127
2138
2143
2144
2138
2143
2144
2143
2144
2144
2137
2146
2147
2152
2146
2147
2152
2147
2152
2152
2148
2150
2155
2150
2155
2155
2148
2149
2150
2149
2150
2150
2131
2146
2151
2152
2146
2151
2152
2151
2152
2152
2145
2154
2155
2160
2154
2155
2160
2155
2160
2160
2156
2158
2859
2158
2859
2859
2156
2157
2158
2157
2158
2158
2135
2154
2159
2160
2154
2159
2160
2159
2160
2160
2126
2129
2142
2146
2129
2142
2146
2142
2146
2146
2105
2125
2128
2141
2125
2128
2141
2128
2141
2141
1436
2125
2144
2125
2144
2144
2127
2143
2147
2143
2147
2147
2138
2142
2142
2127
2137
2141
2137
2141
2141
2104
2128
2140
2144
2128
2140
2144
2140
2144
2144
2125
2128
2139
2143
2128
2139
2143
2139
2143
2143
2130
2133
2150
2154
2133
2150
2154
2150
2154
2154
2129
2132
2137
2149
2132
2137
2149
2137
2149
2149
2129
2140
2152
2140
2152
2152
2131
2151
2155
2151
2155
2155
2146
2150
2150
2131
2145
2149
2145
2149
2149
2112
2132
2148
2152
2132
2148
2152
2148
2152
2152
2129
2132
2147
2151
2132
2147
2151
2147
2151
2151
2134
2158
2845
2858
2158
2845
2858
2845
2858
2858
2133
2136
2145
2157
2136
2145
2157
2145
2157
2157
2133
2148
2160
2148
2160
2160
2135
2159
2859
2159
2859
2859
2154
2158
2158
2135
2153
2157
2153
2157
2157
2120
2136
2156
2160
2136
2156
2160
2156
2160
2160
2133
2136
2155
2159
2136
2155
2159
2155
2159
2159
2174
2175
2180
2175
2180
2180
2176
2178
2183
2201
2178
2183
2201
2183
2201
2201
2176
2177
2178
2215
2177
2178
2215
2178
2215
2215
2174
2179
2180
2179
2180
2180
2182
2183
2188
2183
2188
2188
2184
2186
2191
2205
2186
2191
2205
2191
2205
2205
2184
2185
2186
2223
2185
2186
2223
2186
2223
2223
2182
2187
2188
2187
2188
2188
2190
2191
2196
2191
2196
2196
2192
2194
2194
2192
2193
2194
2231
2193
2194
2231
2194
2231
2231
2190
2195
2196
2195
2196
2196
2165
2178
2182
2178
2182
2182
2161
2164
2177
2164
2177
2177
1472
2161
2180
2216
2161
2180
2216
2180
2216
2216
2163
2179
2183
2215
2179
2183
2215
2183
2215
2215
2174
2178
2200
2210
2178
2200
2210
2200
2210
2210
2163
2173
2177
2209
2173
2177
2209
2177
2209
2209
2176
2180
2180
2164
2175
2179
2175
2179
2179
2169
2186
2190
2186
2190
2190
2168
2173
2185
2173
2185
2185
2165
2176
2188
2224
2176
2188
2224
2188
2224
2224
2167
2187
2191
2223
2187
2191
2223
2191
2223
2223
2182
2186
2204
2218
2186
2204
2218
2204
2218
2218
2167
2181
2185
2217
2181
2185
2217
2185
2217
2217
2184
2188
2188
2168
2183
2187
2183
2187
2187
2194
2172
2181
2193
2181
2193
2193
2169
2184
2196
2232
2184
2196
2232
2196
2232
2232
2171
2195
2231
2195
2231
2231
2190
2194
2208
2226
2194
2208
2226
2208
2226
2226
2171
2189
2193
2225
2189
2193
2225
2193
2225
2225
2192
2196
2196
2172
2191
2195
2191
2195
2195
1505
2210
2211
2216
2210
2211
2216
2211
2216
2216
2212
2214
2219
2237
2214
2219
2237
2219
2237
2237
2212
2213
2214
2251
2213
2214
2251
2214
2251
2251
2199
2210
2215
2216
2210
2215
2216
2215
2216
2216
2209
2218
2219
2224
2218
2219
2224
2219
2224
2224
2220
2222
2227
2241
2222
2227
2241
2227
2241
2241
2220
2221
2222
2259
2221
2222
2259
2222
2259
2259
2203
2218
2223
2224
2218
2223
2224
2223
2224
2224
2217
2226
2227
2232
2226
2227
2232
2227
2232
2232
2228
2230
2230
2228
2229
2230
2267
2229
2230
2267
2230
2267
2267
2207
2226
2231
2232
2226
2231
2232
2231
2232
2232
2198
2201
2214
2218
2201
2214
2218
2214
2218
2218
2177
2197
2200
2213
2197
2200
2213
2200
2213
2213
1508
2197
2216
2252
2197
2216
2252
2216
2252
2252
2199
2215
2219
2251
2215
2219
2251
2219
2251
2251
2210
2214
2236
2246
2214
2236
2246
2236
2246
2246
2199
2209
2213
2245
2209
2213
2245
2213
2245
2245
2176
2200
2212
2216
2200
2212
2216
2212
2216
2216
2197
2200
2211
2215
2200
2211
2215
2211
2215
2215
2202
2205
2222
2226
2205
2222
2226
2222
2226
2226
2201
2204
2209
2221
2204
2209
2221
2209
2221
2221
2201
2212
2224
2260
2212
2224
2260
2224
2260
2260
2203
2223
2227
2259
2223
2227
2259
2227
2259
2259
2218
2222
2240
2254
2222
2240
2254
2240
2254
2254
2203
2217
2221
2253
2217
2221
2253
2221
2253
2253
2184
2204
2220
2224
2204
2220
2224
2220
2224
2224
2201
2204
2219
2223
2204
2219
2223
2219
2223
2223
2206
2230
2230
2205
2208
2217
2229
2208
2217
2229
2217
2229
2229
2205
2220
2232
2268
2220
2232
2268
2232
2268
2268
2207
2231
2267
2231
2267
2267
2226
2230
2244
2262
2230
2244
2262
2244
2262
2262
2207
2225
2229
2261
2225
2229
2261
2229
2261
2261
2192
2208
2228
2232
2208
2228
2232
2228
2232
2232
2205
2208
2227
2231
2208
2227
2231
2227
2231
2231
1541
2246
2247
2252
2246
2247
2252
2247
2252
2252
2248
2250
2255
2273
2250
2255
2273
2255
2273
2273
2248
2249
2250
2287
2249
2250
2287
2250
2287
2287
2235
2246
2251
2252
2246
2251
2252
2251
2252
2252
2245
2254
2255
2260
2254
2255
2260
2255
2260
2260
2256
2258
2263
2277
2258
2263
2277
2263
2277
2277
2256
2257
2258
2295
2257
2258
2295
2258
2295
2295
2239
2254
2259
2260
2254
2259
2260
2259
2260
2260
2253
2262
2263
2268
2262
2263
2268
2263
2268
2268
2264
2266
2266
2264
2265
2266
2303
2265
2266
2303
2266
2303
2303
2243
2262
2267
2268
2262
2267
2268
2267
2268
2268
2234
2237
2250
2254
2237
2250
2254
2250
2254
2254
2213
2233
2236
2249
2233
2236
2249
2236
2249
2249
1544
2233
2252
2288
2233
2252
2288
2252
2288
2288
2235
2251
2255
2287
2251
2255
2287
2255
2287
2287
2246
2250
2272
2282
2250
2272
2282
2272
2282
2282
2235
2245
2249
2281
2245
2249
2281
2249
2281
2281
2212
2236
2248
2252
2236
2248
2252
2248
2252
2252
2233
2236
2247
2251
2236
2247
2251
2247
2251
2251
2238
2241
2258
2262
2241
2258
2262
2258
2262
2262
2237
2240
2245
2257
2240
2245
2257
2245
2257
2257
2237
2248
2260
2296
2248
2260
2296
2260
2296
2296
2239
2259
2263
2295
2259
2263
2295
2263
2295
2295
2254
2258
2276
2290
2258
2276
2290
2276
2290
2290
2239
2253
2257
2289
2253
2257
2289
2257
2289
2289
2220
2240
2256
2260
2240
2256
2260
2256
2260
2260
2237
2240
2255
2259
2240
2255
2259
2255
2259
2259
2242
2266
2266
2241
2244
2253
2265
2244
2253
2265
2253
2265
2265
2241
2256
2268
2304
2256
2268
2304
2268
2304
2304
2243
2267
2303
2267
2303
2303
2262
2266
2280
2298
2266
2280
2298
2280
2298
2298
2243
2261
2265
2297
2261
2265
2297
2265
2297
2297
2228
2244
2264
2268
2244
2264
2268
2264
2268
2268
2241
2244
2263
2267
2244
2263
2267
2263
2267
2267
1577
2282
2283
2288
2282
2283
2288
2283
2288
2288
2284
2286
2291
2309
2286
2291
2309
2291
2309
2309
2284
2285
2286
2323
2285
2286
2323
2286
2323
2323
2271
2282
2287
2288
2282
2287
2288
2287
2288
2288
2281
2290
2291
2296
2290
2291
2296
2291
2296
2296
2292
2294
2299
2313
2294
2299
2313
2299
2313
2313
2292
2293
2294
2331
2293
2294
2331
2294
2331
2331
2275
2290
2295
2296
2290
2295
2296
2295
2296
2296
2289
2298
2299
2304
2298
2299
2304
2299
2304
2304
2300
2302
2302
2300
2301
2302
2339
2301
2302
2339
2302
2339
2339
2279
2298
2303
2304
2298
2303
2304
2303
2304
2304
2270
2273
2286
2290
2273
2286
2290
2286
2290
2290
2249
2269
2272
2285
2269
2272
2285
2272
2285
2285
1580
2269
2288
2324
2269
2288
2324
2288
2324
2324
2271
2287
2291
2323
2287
2291
2323
2291
2323
2323
2282
2286
2308
2318
2286
2308
2318
2308
2318
2318
2271
2281
2285
2317
2281
2285
2317
2285
2317
2317
2248
2272
2284
2288
2272
2284
2288
2284
2288
2288
2269
2272
2283
2287
2272
2283
2287
2283
2287
2287
2274
2277
2294
2298
2277
2294
2298
2294
2298
2298
2273
2276
2281
2293
2276
2281
2293
2281
2293
2293
2273
2284
2296
2332
2284
2296
2332
2296
2332
2332
2275
2295
2299
2331
2295
2299
2331
2299
2331
2331
2290
2294
2312
2326
2294
2312
2326
2312
2326
2326
2275
2289
2293
2325
2289
2293
2325
2293
2325
2325
2256
2276
2292
2296
2276
2292
2296
2292
2296
2296
2273
2276
2291
2295
2276
2291
2295
2291
2295
2295
2278
2302
2302
2277
2280
2289
2301
2280
2289
2301
2289
2301
2301
2277
2292
2304
2340
2292
2304
2340
2304
2340
2340
2279
2303
2339
2303
2339
2339
2298
2302
2316
2334
2302
2316
2334
2316
2334
2334
2279
2297
2301
2333
2297
2301
2333
2301
2333
2333
2264
2280
2300
2304
2280
2300
2304
2300
2304
2304
2277
2280
2299
2303
2280
2299
2303
2299
2303
2303
1613
2318
2319
2324
2318
2319
2324
2319
2324
2324
2320
2322
2327
2345
2322
2327
2345
2327
2345
2345
2320
2321
2322
2359
2321
2322
2359
2322
2359
2359
2307
2318
2323
2324
2318
2323
2324
2323
2324
2324
2317
2326
2327
2332
2326
2327
2332
2327
2332
2332
2328
2330
2335
2349
2330
2335
2349
2335
2349
2349
2328
2329
2330
2367
2329
2330
2367
2330
2367
2367
2311
2326
2331
2332
2326
2331
2332
2331
2332
2332
2325
2334
2335
2340
2334
2335
2340
2335
2340
2340
2336
2338
2338
2336
2337
2338
2375
2337
2338
2375
2338
2375
2375
2315
2334
2339
2340
2334
2339
2340
2339
2340
2340
2306
2309
2322
2326
2309
2322
2326
2322
2326
2326
2285
2305
2308
2321
2305
2308
2321
2308
2321
2321
1616
2305
2324
2360
2305
2324
2360
2324
2360
2360
2307
2323
2327
2359
2323
2327
2359
2327
2359
2359
2318
2322
2344
2354
2322
2344
2354
2344
2354
2354
2307
2317
2321
2353
2317
2321
2353
2321
2353
2353
2284
2308
2320
2324
2308
2320
2324
2320
2324
2324
2305
2308
2319
2323
2308
2319
2323
2319
2323
2323
2310
2313
2330
2334
2313
2330
2334
2330
2334
2334
2309
2312
2317
2329
2312
2317
2329
2317
2329
2329
2309
2320
2332
2368
2320
2332
2368
2332
2368
2368
2311
2331
2335
2367
2331
2335
2367
2335
2367
2367
2326
2330
2348
2362
2330
2348
2362
2348
2362
2362
2311
2325
2329
2361
2325
2329
2361
2329
2361
2361
2292
2312
2328
2332
2312
2328
2332
2328
2332
2332
2309
2312
2327
2331
2312
2327
2331
2327
2331
2331
2314
2338
2338
2313
2316
2325
2337
2316
2325
2337
2325
2337
2337
2313
2328
2340
2376
2328
2340
2376
2340
2376
2376
2315
2339
2375
2339
2375
2375
2334
2338
2352
2370
2338
2352
2370
2352
2370
2370
2315
2333
2337
2369
2333
2337
2369
2337
2369
2369
2300
2316
2336
2340
2316
2336
2340
2336
2340
2340
2313
2316
2335
2339
2316
2335
2339
2335
2339
2339
1649
2354
2355
2360
2354
2355
2360
2355
2360
2360
2356
2358
2363
2381
2358
2363
2381
2363
2381
2381
2356
2357
2358
2395
2357
2358
2395
2358
2395
2395
2343
2354
2359
2360
2354
2359
2360
2359
2360
2360
2353
2362
2363
2368
2362
2363
2368
2363
2368
2368
2364
2366
2371
2385
2366
2371
2385
2371
2385
2385
2364
2365
2366
2403
2365
2366
2403
2366
2403
2403
2347
2362
2367
2368
2362
2367
2368
2367
2368
2368
2361
2370
2371
2376
2370
2371
2376
2371
2376
2376
2372
2374
2374
2372
2373
2374
2411
2373
2374
2411
2374
2411
2411
2351
2370
2375
2376
2370
2375
2376
2375
2376
2376
2342
2345
2358
2362
2345
2358
2362
2358
2362
2362
2321
2341
2344
2357
2341
2344
2357
2344
2357
2357
1652
2341
2360
2396
2341
2360
2396
2360
2396
2396
2343
2359
2363
2395
2359
2363
2395
2363
2395
2395
2354
2358
2380
2390
2358
2380
2390
2380
2390
2390
2343
2353
2357
2389
2353
2357
2389
2357
2389
2389
2320
2344
2356
2360
2344
2356
2360
2356
2360
2360
2341
2344
2355
2359
2344
2355
2359
2355
2359
2359
2346
2349
2366
2370
2349
2366
2370
2366
2370
2370
2345
2348
2353
2365
2348
2353
2365
2353
2365
2365
2345
2356
2368
2404
2356
2368
2404
2368
2404
2404
2347
2367
2371
2403
2367
2371
2403
2371
2403
2403
2362
2366
2384
2398
2366
2384
2398
2384
2398
2398
2347
2361
2365
2397
2361
2365
2397
2365
2397
2397
2328
2348
2364
2368
2348
2364
2368
2364
2368
2368
2345
2348
2363
2367
2348
2363
2367
2363
2367
2367
2350
2374
2374
2349
2352
2361
2373
2352
2361
2373
2361
2373
2373
2349
2364
2376
2412
2364
2376
2412
2376
2412
2412
2351
2375
2411
2375
2411
2411
2370
2374
2388
2406
2374
2388
2406
2388
2406
2406
2351
2369
2373
2405
2369
2373
2405
2373
2405
2405
2336
2352
2372
2376
2352
2372
2376
2372
2376
2376
2349
2352
2371
2375
2352
2371
2375
2371
2375
2375
1685
2390
2391
2396
2390
2391
2396
2391
2396
2396
2392
2394
2399
2417
2394
2399
2417
2399
2417
2417
2392
2393
2394
2431
2393
2394
2431
2394
2431
2431
2379
2390
2395
2396
2390
2395
2396
2395
2396
2396
2389
2398
2399
2404
2398
2399
2404
2399
2404
2404
2400
2402
2407
2421
2402
2407
2421
2407
2421
2421
2400
2401
2402
2439
2401
2402
2439
2402
2439
2439
2383
2398
2403
2404
2398
2403
2404
2403
2404
2404
2397
2406
2407
2412
2406
2407
2412
2407
2412
2412
2408
2410
2410
2408
2409
2410
2447
2409
2410
2447
2410
2447
2447
2387
2406
2411
2412
2406
2411
2412
2411
2412
2412
2378
2381
2394
2398
2381
2394
2398
2394
2398
2398
2357
2377
2380
2393
2377
2380
2393
2380
2393
2393
1688
2377
2396
2432
2377
2396
2432
2396
2432
2432
2379
2395
2399
2431
2395
2399
2431
2399
2431
2431
2390
2394
2416
2426
2394
2416
2426
2416
2426
2426
2379
2389
2393
2425
2389
2393
2425
2393
2425
2425
2356
2380
2392
2396
2380
2392
2396
2392
2396
2396
2377
2380
2391
2395
2380
2391
2395
2391
2395
2395
2382
2385
2402
2406
2385
2402
2406
2402
2406
2406
2381
2384
2389
2401
2384
2389
2401
2389
2401
2401
2381
2392
2404
2440
2392
2404
2440
2404
2440
2440
2383
2403
2407
2439
2403
2407
2439
2407
2439
2439
2398
2402
2420
2434
2402
2420
2434
2420
2434
2434
2383
2397
2401
2433
2397
2401
2433
2401
2433
2433
2364
2384
2400
2404
2384
2400
2404
2400
2404
2404
2381
2384
2399
2403
2384
2399
2403
2399
2403
2403
2386
2410
2410
2385
2388
2397
2409
2388
2397
2409
2397
2409
2409
2385
2400
2412
2448
2400
2412
2448
2412
2448
2448
2387
2411
2447
2411
2447
2447
2406
2410
2424
2442
2410
2424
2442
2424
2442
2442
2387
2405
2409
2441
2405
2409
2441
2409
2441
2441
2372
2388
2408
2412
2388
2408
2412
2408
2412
2412
2385
2388
2407
2411
2388
2407
2411
2407
2411
2411
1721
2426
2427
2432
2426
2427
2432
2427
2432
2432
2428
2430
2435
2453
2430
2435
2453
2435
2453
2453
2428
2429
2430
2467
2429
2430
2467
2430
2467
2467
2415
2426
2431
2432
2426
2431
2432
2431
2432
2432
2425
2434
2435
2440
2434
2435
2440
2435
2440
2440
2436
2438
2443
2457
2438
2443
2457
2443
2457
2457
2436
2437
2438
2475
2437
2438
2475
2438
2475
2475
2419
2434
2439
2440
2434
2439
2440
2439
2440
2440
2433
2442
2443
2448
2442
2443
2448
2443
2448
2448
2444
2446
2446
2444
2445
2446
2483
2445
2446
2483
2446
2483
2483
2423
2442
2447
2448
2442
2447
2448
2447
2448
2448
2414
2417
2430
2434
2417
2430
2434
2430
2434
2434
2393
2413
2416
2429
2413
2416
2429
2416
2429
2429
1724
2413
2432
2468
2413
2432
2468
2432
2468
2468
2415
2431
2435
2467
2431
2435
2467
2435
2467
2467
2426
2430
2452
2462
2430
2452
2462
2452
2462
2462
2415
2425
2429
2461
2425
2429
2461
2429
2461
2461
2392
2416
2428
2432
2416
2428
2432
2428
2432
2432
2413
2416
2427
2431
2416
2427
2431
2427
2431
2431
2418
2421
2438
2442
2421
2438
2442
2438
2442
2442
2417
2420
2425
2437
2420
2425
2437
2425
2437
2437
2417
2428
2440
2476
2428
2440
2476
2440
2476
2476
2419
2439
2443
2475
2439
2443
2475
2443
2475
2475
2434
2438
2456
2470
2438
2456
2470
2456
2470
2470
2419
2433
2437
2469
2433
2437
2469
2437
2469
2469
2400
2420
2436
2440
2420
2436
2440
2436
2440
2440
2417
2420
2435
2439
2420
2435
2439
2435
2439
2439
2422
2446
2446
2421
2424
2433
2445
2424
2433
2445
2433
2445
2445
2421
2436
2448
2484
2436
2448
2484
2448
2484
2484
2423
2447
2483
2447
2483
2483
2442
2446
2460
2478
2446
2460
2478
2460
2478
2478
2423
2441
2445
2477
2441
2445
2477
2445
2477
2477
2408
2424
2444
2448
2424
2444
2448
2444
2448
2448
2421
2424
2443
2447
2424
2443
2447
2443
2447
2447
1757
2462
2463
2468
2462
2463
2468
2463
2468
2468
2464
2466
2471
2489
2466
2471
2489
2471
2489
2489
2464
2465
2466
2503
2465
2466
2503
2466
2503
2503
2451
2462
2467
2468
2462
2467
2468
2467
2468
2468
2461
2470
2471
2476
2470
2471
2476
2471
2476
2476
2472
2474
2479
2493
2474
2479
2493
2479
2493
2493
2472
2473
2474
2511
2473
2474
2511
2474
2511
2511
2455
2470
2475
2476
2470
2475
2476
2475
2476
2476
2469
2478
2479
2484
2478
2479
2484
2479
2484
2484
2480
2482
2482
2480
2481
2482
2519
2481
2482
2519
2482
2519
2519
2459
2478
2483
2484
2478
2483
2484
2483
2484
2484
2450
2453
2466
2470
2453
2466
2470
2466
2470
2470
2429
2449
2452
2465
2449
2452
2465
2452
2465
2465
1760
2449
2468
2504
2449
2468
2504
2468
2504
2504
2451
2467
2471
2503
2467
2471
2503
2471
2503
2503
2462
2466
2488
2498
2466
2488
2498
2488
2498
2498
2451
2461
2465
2497
2461
2465
2497
2465
2497
2497
2428
2452
2464
2468
2452
2464
2468
2464
2468
2468
2449
2452
2463
2467
2452
2463
2467
2463
2467
2467
2454
2457
2474
2478
2457
2474
2478
2474
2478
2478
2453
2456
2461
2473
2456
2461
2473
2461
2473
2473
2453
2464
2476
2512
2464
2476
2512
2476
2512
2512
2455
2475
2479
2511
2475
2479
2511
2479
2511
2511
2470
2474
2492
2506
2474
2492
2506
2492
2506
2506
2455
2469
2473
2505
2469
2473
2505
2473
2505
2505
2436
2456
2472
2476
2456
2472
2476
2472
2476
2476
2453
2456
2471
2475
2456
2471
2475
2471
2475
2475
2458
2482
2482
2457
2460
2469
2481
2460
2469
2481
2469
2481
2481
2457
2472
2484
2520
2472
2484
2520
2484
2520
2520
2459
2483
2519
2483
2519
2519
2478
2482
2496
2514
2482
2496
2514
2496
2514
2514
2459
2477
2481
2513
2477
2481
2513
2481
2513
2513
2444
2460
2480
2484
2460
2480
2484
2480
2484
2484
2457
2460
2479
2483
2460
2479
2483
2479
2483
2483
1793
2498
2499
2504
2498
2499
2504
2499
2504
2504
2500
2502
2507
2525
2502
2507
2525
2507
2525
2525
2500
2501
2502
2539
2501
2502
2539
2502
2539
2539
2487
2498
2503
2504
2498
2503
2504
2503
2504
2504
2497
2506
2507
2512
2506
2507
2512
2507
2512
2512
2508
2510
2515
2529
2510
2515
2529
2515
2529
2529
2508
2509
2510
2547
2509
2510
2547
2510
2547
2547
2491
2506
2511
2512
2506
2511
2512
2511
2512
2512
2505
2514
2515
2520
2514
2515
2520
2515
2520
2520
2516
2518
2518
2516
2517
2518
2555
2517
2518
2555
2518
2555
2555
2495
2514
2519
2520
2514
2519
2520
2519
2520
2520
2486
2489
2502
2506
2489
2502
2506
2502
2506
2506
2465
2485
2488
2501
2485
2488
2501
2488
2501
2501
1796
2485
2504
2540
2485
2504
2540
2504
2540
2540
2487
2503
2507
2539
2503
2507
2539
2507
2539
2539
2498
2502
2524
2534
2502
2524
2534
2524
2534
2534
2487
2497
2501
2533
2497
2501
2533
2501
2533
2533
2464
2488
2500
2504
2488
2500
2504
2500
2504
2504
2485
2488
2499
2503
2488
2499
2503
2499
2503
2503
2490
2493
2510
2514
2493
2510
2514
2510
2514
2514
2489
2492
2497
2509
2492
2497
2509
2497
2509
2509
2489
2500
2512
2548
2500
2512
2548
2512
2548
2548
2491
2511
2515
2547
2511
2515
2547
2515
2547
2547
2506
2510
2528
2542
2510
2528
2542
2528
2542
2542
2491
2505
2509
2541
2505
2509
2541
2509
2541
2541
2472
2492
2508
2512
2492
2508
2512
2508
2512
2512
2489
2492
2507
2511
2492
2507
2511
2507
2511
2511
2494
2518
2518
2493
2496
2505
2517
2496
2505
2517
2505
2517
2517
2493
2508
2520
2556
2508
2520
2556
2520
2556
2556
2495
2519
2555
2519
2555
2555
2514
2518
2532
2550
2518
2532
2550
2532
2550
2550
2495
2513
2517
2549
2513
2517
2549
2517
2549
2549
2480
2496
2516
2520
2496
2516
2520
2516
2520
2520
2493
2496
2515
2519
2496
2515
2519
2515
2519
2519
1829
2534
2535
2540
2534
2535
2540
2535
2540
2540
2536
2538
2543
2561
2538
2543
2561
2543
2561
2561
2536
2537
2538
2575
2537
2538
2575
2538
2575
2575
2523
2534
2539
2540
2534
2539
2540
2539
2540
2540
2533
2542
2543
2548
2542
2543
2548
2543
2548
2548
2544
2546
2551
2565
2546
2551
2565
2551
2565
2565
2544
2545
2546
2583
2545
2546
2583
2546
2583
2583
2527
2542
2547
2548
2542
2547
2548
2547
2548
2548
2541
2550
2551
2556
2550
2551
2556
2551
2556
2556
2552
2554
2554
2552
2553
2554
2591
2553
2554
2591
2554
2591
2591
2531
2550
2555
2556
2550
2555
2556
2555
2556
2556
2522
2525
2538
2542
2525
2538
2542
2538
2542
2542
2501
2521
2524
2537
2521
2524
2537
2524
2537
2537
1832
2521
2540
2576
2521
2540
2576
2540
2576
2576
2523
2539
2543
2575
2539
2543
2575
2543
2575
2575
2534
2538
2560
2570
2538
2560
2570
2560
2570
2570
2523
2533
2537
2569
2533
2537
2569
2537
2569
2569
2500
2524
2536
2540
2524
2536
2540
2536
2540
2540
2521
2524
2535
2539
2524
2535
2539
2535
2539
2539
2526
2529
2546
2550
2529
2546
2550
2546
2550
2550
2525
2528
2533
2545
2528
2533
2545
2533
2545
2545
2525
2536
2548
2584
2536
2548
2584
2548
2584
2584
2527
2547
2551
2583
2547
2551
2583
2551
2583
2583
2542
2546
2564
2578
2546
2564
2578
2564
2578
2578
2527
2541
2545
2577
2541
2545
2577
2545
2577
2577
2508
2528
2544
2548
2528
2544
2548
2544
2548
2548
2525
2528
2543
2547
2528
2543
2547
2543
2547
2547
2530
2554
2554
2529
2532
2541
2553
2532
2541
2553
2541
2553
2553
2529
2544
2556
2592
2544
2556
2592
2556
2592
2592
2531
2555
2591
2555
2591
2591
2550
2554
2568
2586
2554
2568
2586
2568
2586
2586
2531
2549
2553
2585
2549
2553
2585
2553
2585
2585
2516
2532
2552
2556
2532
2552
2556
2552
2556
2556
2529
2532
2551
2555
2532
2551
2555
2551
2555
2555
1865
2570
2571
2576
2570
2571
2576
2571
2576
2576
2572
2574
2579
2597
2574
2579
2597
2579
2597
2597
2572
2573
2574
2611
2573
2574
2611
2574
2611
2611
2559
2570
2575
2576
2570
2575
2576
2575
2576
2576
2569
2578
2579
2584
2578
2579
2584
2579
2584
2584
2580
2582
2587
2601
2582
2587
2601
2587
2601
2601
2580
2581
2582
2619
2581
2582
2619
2582
2619
2619
2563
2578
2583
2584
2578
2583
2584
2583
2584
2584
2577
2586
2587
2592
2586
2587
2592
2587
2592
2592
2588
2590
2590
2588
2589
2590
2627
2589
2590
2627
2590
2627
2627
2567
2586
2591
2592
2586
2591
2592
2591
2592
2592
2558
2561
2574
2578
2561
2574
2578
2574
2578
2578
2537
2557
2560
2573
2557
2560
2573
2560
2573
2573
1868
2557
2576
2612
2557
2576
2612
2576
2612
2612
2559
2575
2579
2611
2575
2579
2611
2579
2611
2611
2570
2574
2596
2606
2574
2596
2606
2596
2606
2606
2559
2569
2573
2605
2569
2573
2605
2573
2605
2605
2536
2560
2572
2576
2560
2572
2576
2572
2576
2576
2557
2560
2571
2575
2560
2571
2575
2571
2575
2575
2562
2565
2582
2586
2565
2582
2586
2582
2586
2586
2561
2564
2569
2581
2564
2569
2581
2569
2581
2581
2561
2572
2584
2620
2572
2584
2620
2584
2620
2620
2563
2583
2587
2619
2583
2587
2619
2587
2619
2619
2578
2582
2600
2614
2582
2600
2614
2600
2614
2614
2563
2577
2581
2613
2577
2581
2613
2581
2613
2613
2544
2564
2580
2584
2564
2580
2584
2580
2584
2584
2561
2564
2579
2583
2564
2579
2583
2579
2583
2583
2566
2590
2590
2565
2568
2577
2589
2568
2577
2589
2577
2589
2589
2565
2580
2592
2628
2580
2592
2628
2592
2628
2628
2567
2591
2627
2591
2627
2627
2586
2590
2604
2622
2590
2604
2622
2604
2622
2622
2567
2585
2589
2621
2585
2589
2621
2589
2621
2621
2552
2568
2588
2592
2568
2588
2592
2588
2592
2592
2565
2568
2587
2591
2568
2587
2591
2587
2591
2591
1901
2606
2607
2612
2606
2607
2612
2607
2612
2612
2608
2610
2615
2633
2610
2615
2633
2615
2633
2633
2608
2609
2610
2647
2609
2610
2647
2610
2647
2647
2595
2606
2611
2612
2606
2611
2612
2611
2612
2612
2605
2614
2615
2620
2614
2615
2620
2615
2620
2620
2616
2618
2623
2637
2618
2623
2637
2623
2637
2637
2616
2617
2618
2655
2617
2618
2655
2618
2655
2655
2599
2614
2619
2620
2614
2619
2620
2619
2620
2620
2613
2622
2623
2628
2622
2623
2628
2623
2628
2628
2624
2626
2626
2624
2625
2626
2663
2625
2626
2663
2626
2663
2663
2603
2622
2627
2628
2622
2627
2628
2627
2628
2628
2594
2597
2610
2614
2597
2610
2614
2610
2614
2614
2573
2593
2596
2609
2593
2596
2609
2596
2609
2609
1904
2593
2612
2648
2593
2612
2648
2612
2648
2648
2595
2611
2615
2647
2611
2615
2647
2615
2647
2647
2606
2610
2632
2642
2610
2632
2642
2632
2642
2642
2595
2605
2609
2641
2605
2609
2641
2609
2641
2641
2572
2596
2608
2612
2596
2608
2612
2608
2612
2612
2593
2596
2607
2611
2596
2607
2611
2607
2611
2611
2598
2601
2618
2622
2601
2618
2622
2618
2622
2622
2597
2600
2605
2617
2600
2605
2617
2605
2617
2617
2597
2608
2620
2656
2608
2620
2656
2620
2656
2656
2599
2619
2623
2655
2619
2623
2655
2623
2655
2655
2614
2618
2636
2650
2618
2636
2650
2636
2650
2650
2599
2613
2617
2649
2613
2617
2649
2617
2649
2649
2580
2600
2616
2620
2600
2616
2620
2616
2620
2620
2597
2600
2615
2619
2600
2615
2619
2615
2619
2619
2602
2626
2626
2601
2604
2613
2625
2604
2613
2625
2613
2625
2625
2601
2616
2628
2664
2616
2628
2664
2628
2664
2664
2603
2627
2663
2627
2663
2663
2622
2626
2640
2658
2626
2640
2658
2640
2658
2658
2603
2621
2625
2657
2621
2625
2657
2625
2657
2657
2588
2604
2624
2628
2604
2624
2628
2624
2628
2628
2601
2604
2623
2627
2604
2623
2627
2623
2627
2627
1937
2642
2643
2648
2642
2643
2648
2643
2648
2648
2644
2646
2651
2669
2646
2651
2669
2651
2669
2669
2644
2645
2646
2683
2645
2646
2683
2646
2683
2683
2631
2642
2647
2648
2642
2647
2648
2647
2648
2648
2641
2650
2651
2656
2650
2651
2656
2651
2656
2656
2652
2654
2659
2673
2654
2659
2673
2659
2673
2673
2652
2653
2654
2691
2653
2654
2691
2654
2691
2691
2635
2650
2655
2656
2650
2655
2656
2655
2656
2656
2649
2658
2659
2664
2658
2659
2664
2659
2664
2664
2660
2662
2662
2660
2661
2662
2699
2661
2662
2699
2662
2699
2699
2639
2658
2663
2664
2658
2663
2664
2663
2664
2664
2630
2633
2646
2650
2633
2646
2650
2646
2650
2650
2609
2629
2632
2645
2629
2632
2645
2632
2645
2645
1940
2629
2648
2684
2629
2648
2684
2648
2684
2684
2631
2647
2651
2683
2647
2651
2683
2651
2683
2683
2642
2646
2668
2678
2646
2668
2678
2668
2678
2678
2631
2641
2645
2677
2641
2645
2677
2645
2677
2677
2608
2632
2644
2648
2632
2644
2648
2644
2648
2648
2629
2632
2643
2647
2632
2643
2647
2643
2647
2647
2634
2637
2654
2658
2637
2654
2658
2654
2658
2658
2633
2636
2641
2653
2636
2641
2653
2641
2653
2653
2633
2644
2656
2692
2644
2656
2692
2656
2692
2692
2635
2655
2659
2691
2655
2659
2691
2659
2691
2691
2650
2654
2672
2686
2654
2672
2686
2672
2686
2686
2635
2649
2653
2685
2649
2653
2685
2653
2685
2685
2616
2636
2652
2656
2636
2652
2656
2652
2656
2656
2633
2636
2651
2655
2636
2651
2655
2651
2655
2655
2638
2662
2662
2637
2640
2649
2661
2640
2649
2661
2649
2661
2661
2637
2652
2664
2700
2652
2664
2700
2664
2700
2700
2639
2663
2699
2663
2699
2699
2658
2662
2676
2694
2662
2676
2694
2676
2694
2694
2639
2657
2661
2693
2657
2661
2693
2661
2693
2693
2624
2640
2660
2664
2640
2660
2664
2660
2664
2664
2637
2640
2659
2663
2640
2659
2663
2659
2663
2663
1973
2678
2679
2684
2678
2679
2684
2679
2684
2684
2680
2682
2687
2705
2682
2687
2705
2687
2705
2705
2680
2681
2682
2719
2681
2682
2719
2682
2719
2719
2667
2678
2683
2684
2678
2683
2684
2683
2684
2684
2677
2686
2687
2692
2686
2687
2692
2687
2692
2692
2688
2690
2695
2709
2690
2695
2709
2695
2709
2709
2688
2689
2690
2727
2689
2690
2727
2690
2727
2727
2671
2686
2691
2692
2686
2691
2692
2691
2692
2692
2685
2694
2695
2700
2694
2695
2700
2695
2700
2700
2696
2698
2698
2696
2697
2698
2735
2697
2698
2735
2698
2735
2735
2675
2694
2699
2700
2694
2699
2700
2699
2700
2700
2666
2669
2682
2686
2669
2682
2686
2682
2686
2686
2645
2665
2668
2681
2665
2668
2681
2668
2681
2681
1976
2665
2684
2720
2665
2684
2720
2684
2720
2720
2667
2683
2687
2719
2683
2687
2719
2687
2719
2719
2678
2682
2704
2714
2682
2704
2714
2704
2714
2714
2667
2677
2681
2713
2677
2681
2713
2681
2713
2713
2644
2668
2680
2684
2668
2680
2684
2680
2684
2684
2665
2668
2679
2683
2668
2679
2683
2679
2683
2683
2670
2673
2690
2694
2673
2690
2694
2690
2694
2694
2669
2672
2677
2689
2672
2677
2689
2677
2689
2689
2669
2680
2692
2728
2680
2692
2728
2692
2728
2728
2671
2691
2695
2727
2691
2695
2727
2695
2727
2727
2686
2690
2708
2722
2690
2708
2722
2708
2722
2722
2671
2685
2689
2721
2685
2689
2721
2689
2721
2721
2652
2672
2688
2692
2672
2688
2692
2688
2692
2692
2669
2672
2687
2691
2672
2687
2691
2687
2691
2691
2674
2698
2698
2673
2676
2685
2697
2676
2685
2697
2685
2697
2697
2673
2688
2700
2736
2688
2700
2736
2700
2736
2736
2675
2699
2735
2699
2735
2735
2694
2698
2712
2730
2698
2712
2730
2712
2730
2730
2675
2693
2697
2729
2693
2697
2729
2697
2729
2729
2660
2676
2696
2700
2676
2696
2700
2696
2700
2700
2673
2676
2695
2699
2676
2695
2699
2695
2699
2699
2009
2714
2715
2720
2714
2715
2720
2715
2720
2720
2716
2718
2723
2741
2718
2723
2741
2723
2741
2741
2716
2717
2718
2755
2717
2718
2755
2718
2755
2755
2703
2714
2719
2720
2714
2719
2720
2719
2720
2720
2713
2722
2723
2728
2722
2723
2728
2723
2728
2728
2724
2726
2731
2745
2726
2731
2745
2731
2745
2745
2724
2725
2726
2763
2725
2726
2763
2726
2763
2763
2707
2722
2727
2728
2722
2727
2728
2727
2728
2728
2721
2730
2731
2736
2730
2731
2736
2731
2736
2736
2732
2734
2734
2732
2733
2734
2771
2733
2734
2771
2734
2771
2771
2711
2730
2735
2736
2730
2735
2736
2735
2736
2736
2702
2705
2718
2722
2705
2718
2722
2718
2722
2722
2681
2701
2704
2717
2701
2704
2717
2704
2717
2717
2012
2701
2720
2756
2701
2720
2756
2720
2756
2756
2703
2719
2723
2755
2719
2723
2755
2723
2755
2755
2714
2718
2740
2750
2718
2740
2750
2740
2750
2750
2703
2713
2717
2749
2713
2717
2749
2717
2749
2749
2680
2704
2716
2720
2704
2716
2720
2716
2720
2720
2701
2704
2715
2719
2704
2715
2719
2715
2719
2719
2706
2709
2726
2730
2709
2726
2730
2726
2730
2730
2705
2708
2713
2725
2708
2713
2725
2713
2725
2725
2705
2716
2728
2764
2716
2728
2764
2728
2764
2764
2707
2727
2731
2763
2727
2731
2763
2731
2763
2763
2722
2726
2744
2758
2726
2744
2758
2744
2758
2758
2707
2721
2725
2757
2721
2725
2757
2725
2757
2757
2688
2708
2724
2728
2708
2724
2728
2724
2728
2728
2705
2708
2723
2727
2708
2723
2727
2723
2727
2727
2710
2734
2734
2709
2712
2721
2733
2712
2721
2733
2721
2733
2733
2709
2724
2736
2772
2724
2736
2772
2736
2772
2772
2711
2735
2771
2735
2771
2771
2730
2734
2748
2766
2734
2748
2766
2748
2766
2766
2711
2729
2733
2765
2729
2733
2765
2733
2765
2765
2696
2712
2732
2736
2712
2732
2736
2732
2736
2736
2709
2712
2731
2735
2712
2731
2735
2731
2735
2735
2045
2750
2751
2756
2750
2751
2756
2751
2756
2756
2752
2754
2759
2777
2754
2759
2777
2759
2777
2777
2752
2753
2754
2791
2753
2754
2791
2754
2791
2791
2739
2750
2755
2756
2750
2755
2756
2755
2756
2756
2749
2758
2759
2764
2758
2759
2764
2759
2764
2764
2760
2762
2767
2781
2762
2767
2781
2767
2781
2781
2760
2761
2762
2799
2761
2762
2799
2762
2799
2799
2743
2758
2763
2764
2758
2763
2764
2763
2764
2764
2757
2766
2767
2772
2766
2767
2772
2767
2772
2772
2768
2770
2770
2768
2769
2770
2807
2769
2770
2807
2770
2807
2807
2747
2766
2771
2772
2766
2771
2772
2771
2772
2772
2738
2741
2754
2758
2741
2754
2758
2754
2758
2758
2717
2737
2740
2753
2737
2740
2753
2740
2753
2753
2048
2737
2756
2792
2737
2756
2792
2756
2792
2792
2739
2755
2759
2791
2755
2759
2791
2759
2791
2791
2750
2754
2776
2786
2754
2776
2786
2776
2786
2786
2739
2749
2753
2785
2749
2753
2785
2753
2785
2785
2716
2740
2752
2756
2740
2752
2756
2752
2756
2756
2737
2740
2751
2755
2740
2751
2755
2751
2755
2755
2742
2745
2762
2766
2745
2762
2766
2762
2766
2766
2741
2744
2749
2761
2744
2749
2761
2749
2761
2761
2741
2752
2764
2800
2752
2764
2800
2764
2800
2800
2743
2763
2767
2799
2763
2767
2799
2767
2799
2799
2758
2762
2780
2794
2762
2780
2794
2780
2794
2794
2743
2757
2761
2793
2757
2761
2793
2761
2793
2793
2724
2744
2760
2764
2744
2760
2764
2760
2764
2764
2741
2744
2759
2763
2744
2759
2763
2759
2763
2763
2746
2770
2770
2745
2748
2757
2769
2748
2757
2769
2757
2769
2769
2745
2760
2772
2808
2760
2772
2808
2772
2808
2808
2747
2771
2807
2771
2807
2807
2766
2770
2784
2802
2770
2784
2802
2784
2802
2802
2747
2765
2769
2801
2765
2769
2801
2769
2801
2801
2732
2748
2768
2772
2748
2768
2772
2768
2772
2772
2745
2748
2767
2771
2748
2767
2771
2767
2771
2771
2081
2786
2787
2792
2786
2787
2792
2787
2792
2792
2788
2790
2795
2813
2790
2795
2813
2795
2813
2813
2788
2789
2790
2827
2789
2790
2827
2790
2827
2827
2775
2786
2791
2792
2786
2791
2792
2791
2792
2792
2785
2794
2795
2800
2794
2795
2800
2795
2800
2800
2796
2798
2803
2817
2798
2803
2817
2803
2817
2817
2796
2797
2798
2835
2797
2798
2835
2798
2835
2835
2779
2794
2799
2800
2794
2799
2800
2799
2800
2800
2793
2802
2803
2808
2802
2803
2808
2803
2808
2808
2804
2806
2806
2804
2805
2806
2843
2805
2806
2843
2806
2843
2843
2783
2802
2807
2808
2802
2807
2808
2807
2808
2808
2774
2777
2790
2794
2777
2790
2794
2790
2794
2794
2753
2773
2776
2789
2773
2776
2789
2776
2789
2789
2084
2773
2792
2828
2773
2792
2828
2792
2828
2828
2775
2791
2795
2827
2791
2795
2827
2795
2827
2827
2786
2790
2812
2822
2790
2812
2822
2812
2822
2822
2775
2785
2789
2821
2785
2789
2821
2789
2821
2821
2752
2776
2788
2792
2776
2788
2792
2788
2792
2792
2773
2776
2787
2791
2776
2787
2791
2787
2791
2791
2778
2781
2798
2802
2781
2798
2802
2798
2802
2802
2777
2780
2785
2797
2780
2785
2797
2785
2797
2797
2777
2788
2800
2836
2788
2800
2836
2800
2836
2836
2779
2799
2803
2835
2799
2803
2835
2803
2835
2835
2794
2798
2816
2830
2798
2816
2830
2816
2830
2830
2779
2793
2797
2829
2793
2797
2829
2797
2829
2829
2760
2780
2796
2800
2780
2796
2800
2796
2800
2800
2777
2780
2795
2799
2780
2795
2799
2795
2799
2799
2782
2806
2806
2781
2784
2793
2805
2784
2793
2805
2793
2805
2805
2781
2796
2808
2844
2796
2808
2844
2808
2844
2844
2783
2807
2843
2807
2843
2843
2802
2806
2820
2838
2806
2820
2838
2820
2838
2838
2783
2801
2805
2837
2801
2805
2837
2805
2837
2837
2768
2784
2804
2808
2784
2804
2808
2804
2808
2808
2781
2784
2803
2807
2784
2803
2807
2803
2807
2807
2117
2822
2823
2828
2822
2823
2828
2823
2828
2828
2824
2826
2831
2849
2826
2831
2849
2831
2849
2849
2824
2825
2826
2863
2825
2826
2863
2826
2863
2863
2811
2822
2827
2828
2822
2827
2828
2827
2828
2828
2821
2830
2831
2836
2830
2831
2836
2831
2836
2836
2832
2834
2839
2853
2834
2839
2853
2839
2853
2853
2832
2833
2834
2871
2833
2834
2871
2834
2871
2871
2815
2830
2835
2836
2830
2835
2836
2835
2836
2836
2829
2838
2839
2844
2838
2839
2844
2839
2844
2844
2840
2842
2842
2840
2841
2842
2879
2841
2842
2879
2842
2879
2879
2819
2838
2843
2844
2838
2843
2844
2843
2844
2844
2810
2813
2826
2830
2813
2826
2830
2826
2830
2830
2789
2809
2812
2825
2809
2812
2825
2812
2825
2825
2120
2809
2828
2864
2809
2828
2864
2828
2864
2864
2811
2827
2831
2863
2827
2831
2863
2831
2863
2863
2822
2826
2848
2858
2826
2848
2858
2848
2858
2858
2811
2821
2825
2857
2821
2825
2857
2825
2857
2857
2788
2812
2824
2828
2812
2824
2828
2824
2828
2828
2809
2812
2823
2827
2812
2823
2827
2823
2827
2827
2814
2817
2834
2838
2817
2834
2838
2834
2838
2838
2813
2816
2821
2833
2816
2821
2833
2821
2833
2833
2813
2824
2836
2872
2824
2836
2872
2836
2872
2872
2815
2835
2839
2871
2835
2839
2871
2839
2871
2871
2830
2834
2852
2866
2834
2852
2866
2852
2866
2866
2815
2829
2833
2865
2829
2833
2865
2833
2865
2865
2796
2816
2832
2836
2816
2832
2836
2832
2836
2836
2813
2816
2831
2835
2816
2831
2835
2831
2835
2835
2818
2842
2842
2817
2820
2829
2841
2820
2829
2841
2829
2841
2841
2817
2832
2844
2880
2832
2844
2880
2844
2880
2880
2819
2843
2879
2843
2879
2879
2838
2842
2856
2874
2842
2856
2874
2856
2874
2874
2819
2837
2841
2873
2837
2841
2873
2841
2873
2873
2804
2820
2840
2844
2820
2840
2844
2840
2844
2844
2817
2820
2839
2843
2820
2839
2843
2839
2843
2843
2153
2858
2859
2864
2858
2859
2864
2859
2864
2864
2860
2862
2867
2862
2867
2867
2860
2861
2862
2861
2862
2862
2847
2858
2863
2864
2858
2863
2864
2863
2864
2864
2857
2866
2867
2872
2866
2867
2872
2867
2872
2872
2868
2870
2875
2870
2875
2875
2868
2869
2870
2869
2870
2870
2851
2866
2871
2872
2866
2871
2872
2871
2872
2872
2865
2874
2875
2880
2874
2875
2880
2875
2880
2880
2876
2878
2878
2876
2877
2878
2877
2878
2878
2855
2874
2879
2880
2874
2879
2880
2879
2880
2880
2846
2849
2862
2866
2849
2862
2866
2862
2866
2866
2825
2845
2848
2861
2845
2848
2861
2848
2861
2861
2156
2845
2864
2845
2864
2864
2847
2863
2867
2863
2867
2867
2858
2862
2862
2847
2857
2861
2857
2861
2861
2824
2848
2860
2864
2848
2860
2864
2860
2864
2864
2845
2848
2859
2863
2848
2859
2863
2859
2863
2863
2850
2853
2870
2874
2853
2870
2874
2870
2874
2874
2849
2852
2857
2869
2852
2857
2869
2857
2869
2869
2849
2860
2872
2860
2872
2872
2851
2871
2875
2871
2875
2875
2866
2870
2870
2851
2865
2869
2865
2869
2869
2832
2852
2868
2872
2852
2868
2872
2868
2872
2872
2849
2852
2867
2871
2852
2867
2871
2867
2871
2871
2854
2878
2878
2853
2856
2865
2877
2856
2865
2877
2865
2877
2877
2853
2868
2880
2868
2880
2880
2855
2879
2879
2874
2878
2878
2855
2873
2877
2873
2877
2877
2840
2856
2876
2880
2856
2876
2880
2876
2880
2880
2853
2856
2875
2879
2856
2875
2879
2875
2879
2879
